id,bare,rank,type,level
12,весь,10.0,noun,B1
34,человек,26.0,noun,A1
49,год,39.0,noun,A2
56,время,46.0,noun,A2
57,рука,47.0,noun,A2
61,стать,51.0,noun,B1
63,наш,63.0,noun,
67,дело,56.0,noun,B1
74,раз,63.0,noun,A2
78,глаз,66.0,noun,A2
80,день,68.0,noun,A2
81,жизнь,69.0,noun,B1
92,голова,78.0,noun,A2
97,друг,83.0,noun,A2
100,дом,86.0,noun,A1
104,слово,90.0,noun,A2
106,место,92.0,noun,A2
110,лицо,96.0,noun,A2
120,сторона,106.0,noun,B1
127,нога,113.0,noun,A2
132,работа,118.0,noun,A1
140,дверь,125.0,noun,A2
143,конец,127.0,noun,B1
144,город,128.0,noun,A2
147,голос,131.0,noun,B1
148,час,132.0,noun,A2
153,земля,137.0,noun,B1
156,сила,140.0,noun,B1
157,вода,141.0,noun,A1
162,случай,146.0,noun,B1
165,стол,149.0,noun,A2
166,машина,150.0,noun,A2
167,мир,151.0,noun,B1
168,ночь,152.0,noun,A2
169,женщина,153.0,noun,A2
173,ребёнок,157.0,noun,A2
175,вид,159.0,noun,B1
176,отец,160.0,noun,A2
177,вопрос,161.0,noun,A2
181,ряд,165.0,noun,B1
185,страна,169.0,noun,A2
190,война,174.0,noun,B1
197,минута,181.0,noun,A2
199,товарищ,183.0,noun,B1
203,правда,187.0,noun,B1
208,часть,192.0,noun,B1
211,дорога,195.0,noun,B1
212,свет,196.0,noun,B1
213,жена,197.0,noun,A2
216,окно,200.0,noun,B1
218,мать,202.0,noun,A2
223,улица,207.0,noun,A2
230,комната,214.0,noun,A2
231,утро,215.0,noun,B1
233,вечер,217.0,noun,B1
235,душа,219.0,noun,B1
236,книга,220.0,noun,B1
237,плечо,221.0,noun,B1
241,пол,225.0,noun,B1
244,народ,228.0,noun,B1
246,взгляд,230.0,noun,B1
249,история,233.0,noun,B1
253,бог,237.0,noun,B1
258,палец,242.0,noun,B1
262,имя,246.0,noun,B1
265,мысль,249.0,noun,B1
274,разговор,258.0,noun,B1
278,право,262.0,noun,B1
279,лес,263.0,noun,B1
282,сын,265.0,noun,A2
283,путь,266.0,noun,B1
284,тысяча,267.0,noun,B1
285,пора,268.0,noun,B1
290,стена,272.0,noun,B1
302,спина,284.0,noun,B1
303,месяц,285.0,noun,A2
308,тело,290.0,noun,B1
312,язык,294.0,noun,B1
313,мама,295.0,noun,A2
315,старик,297.0,noun,B1
317,смерть,299.0,noun,B1
318,власть,300.0,noun,B1
319,мальчик,301.0,noun,B1
322,образ,304.0,noun,B1
323,письмо,305.0,noun,B1
325,отношение,307.0,noun,B1
326,сердце,308.0,noun,B1
328,начальник,310.0,noun,B1
334,девушка,316.0,noun,A1
335,солдат,317.0,noun,B1
339,небо,321.0,noun,B1
341,система,323.0,noun,B1
342,воздух,324.0,noun,B1
351,ребята,333.0,noun,B1
352,брат,334.0,noun,A2
353,квартира,335.0,noun,B1
358,генерал,340.0,noun,B1
365,кровь,347.0,noun,B1
367,шаг,349.0,noun,B1
369,хозяин,351.0,noun,B1
370,внимание,352.0,noun,B1
381,школа,363.0,noun,B1
383,труд,365.0,noun,B1
384,капитан,366.0,noun,B1
389,парень,371.0,noun,B1
390,группа,372.0,noun,B1
391,солнце,373.0,noun,A2
392,любовь,374.0,noun,B1
394,ухо,376.0,noun,B1
396,неделя,378.0,noun,A2
401,ответ,383.0,noun,B1
407,берег,388.0,noun,B1
408,помощь,389.0,noun,B1
409,мужчина,390.0,noun,B1
410,момент,391.0,noun,B1
414,газета,395.0,noun,B1
419,чувство,400.0,noun,B1
420,порядок,401.0,noun,B1
421,семья,402.0,noun,A2
422,армия,403.0,noun,B1
430,движение,411.0,noun,B1
431,муж,412.0,noun,A2
432,нос,413.0,noun,B1
435,огонь,416.0,noun,B1
436,двор,417.0,noun,B1
445,угол,426.0,noun,B1
446,смысл,427.0,noun,B1
448,общество,429.0,noun,B1
449,грудь,430.0,noun,B1
452,дерево,433.0,noun,B1
453,немец,434.0,noun,B1
454,губа,435.0,noun,B1
455,снег,436.0,noun,A2
457,дядя,438.0,noun,B1
459,очередь,440.0,noun,B1
461,форма,442.0,noun,B1
462,закон,443.0,noun,B1
465,собака,446.0,noun,A2
471,состояние,452.0,noun,B1
473,сон,454.0,noun,B1
476,карман,457.0,noun,B1
480,девочка,461.0,noun,B1
481,камень,462.0,noun,B1
483,ветер,464.0,noun,B1
484,проблема,465.0,noun,A2
485,связь,466.0,noun,B1
487,гость,468.0,noun,B1
489,зуб,470.0,noun,B1
490,мера,471.0,noun,B1
491,век,472.0,noun,B1
493,номер,474.0,noun,B1
496,средство,477.0,noun,B1
498,действие,479.0,noun,B1
499,ход,480.0,noun,B1
506,глава,487.0,noun,B1
507,партия,488.0,noun,B1
508,край,489.0,noun,B1
510,река,491.0,noun,B1
511,судьба,492.0,noun,B1
512,рота,493.0,noun,B1
514,речь,495.0,noun,B1
518,причина,499.0,noun,B1
519,гора,500.0,noun,B1
521,страх,502.0,noun,B1
524,море,505.0,noun,B1
525,зал,506.0,noun,B1
527,врач,508.0,noun,B1
530,командир,511.0,noun,B1
534,боль,515.0,noun,B1
535,господин,516.0,noun,B1
537,вещь,518.0,noun,A2
538,результат,519.0,noun,B1
539,число,520.0,noun,B1
540,цель,521.0,noun,B1
544,положение,525.0,noun,B1
546,писатель,527.0,noun,B1
548,бумага,529.0,noun,B1
551,план,532.0,noun,B1
552,черта,533.0,noun,B1
558,документ,539.0,noun,B1
567,волос,548.0,noun,B1
569,пара,550.0,noun,B1
570,след,551.0,noun,B1
572,решение,553.0,noun,B1
578,класс,559.0,noun,B1
579,условие,560.0,noun,B1
580,центр,561.0,noun,B1
585,встреча,566.0,noun,B1
586,директор,567.0,noun,B1
587,рубль,568.0,noun,A1
589,служба,570.0,noun,B1
590,процесс,571.0,noun,B1
593,президент,574.0,noun,B1
594,память,575.0,noun,B1
600,герой,581.0,noun,B1
601,дух,582.0,noun,B1
605,враг,586.0,noun,B1
610,счастье,591.0,noun,B1
611,удар,592.0,noun,B1
614,самолёт,595.0,noun,B1
617,деревня,598.0,noun,A2
618,картина,599.0,noun,B1
621,будущее,602.0,noun,B1
622,коридор,603.0,noun,B1
632,кабинет,613.0,noun,B1
635,колено,616.0,noun,B1
639,бутылка,620.0,noun,B1
643,телефон,624.0,noun,B1
644,компания,625.0,noun,B1
647,доктор,628.0,noun,B1
650,автор,631.0,noun,B1
651,мужик,632.0,noun,B1
653,интерес,634.0,noun,B1
658,счёт,639.0,noun,A1
661,лейтенант,642.0,noun,B1
662,оружие,643.0,noun,B1
663,игра,644.0,noun,B1
668,бой,649.0,noun,B1
669,качество,650.0,noun,B1
673,член,654.0,noun,B1
675,хлеб,656.0,noun,B1
680,развитие,661.0,noun,B2
682,банк,663.0,noun,B2
683,совет,664.0,noun,B2
686,трубка,667.0,noun,B2
687,ладонь,668.0,noun,B2
690,институт,671.0,noun,B2
697,идея,677.0,noun,B2
698,точка,678.0,noun,B2
699,уровень,679.0,noun,B2
700,профессор,680.0,noun,B2
701,наука,681.0,noun,B2
702,событие,682.0,noun,B2
703,союз,683.0,noun,B2
704,король,684.0,noun,B2
705,половина,685.0,noun,B2
706,метр,686.0,noun,B2
708,вера,688.0,noun,B2
710,область,690.0,noun,B2
712,ситуация,692.0,noun,B2
713,кухня,693.0,noun,B2
714,надежда,694.0,noun,B2
715,род,695.0,noun,B2
716,офицер,696.0,noun,B2
718,течение,698.0,noun,B2
719,информация,699.0,noun,B2
731,граница,711.0,noun,B2
732,слеза,712.0,noun,B2
734,рассказ,714.0,noun,B2
737,трава,717.0,noun,B2
740,тридцать,719.0,noun,B2
741,борьба,720.0,noun,B2
743,шея,722.0,noun,B2
744,десяток,723.0,noun,B2
746,толпа,725.0,noun,B2
748,родитель,727.0,noun,A2
749,правило,728.0,noun,B2
751,секунда,730.0,noun,A2
756,программа,735.0,noun,B2
757,фамилия,736.0,noun,B2
758,звук,737.0,noun,B2
759,роман,738.0,noun,B2
763,чай,742.0,noun,A1
765,роль,744.0,noun,B2
766,сознание,745.0,noun,B2
768,команда,747.0,noun,B2
772,магазин,751.0,noun,B2
775,ворот,754.0,noun,B2
777,полковник,756.0,noun,B2
778,природа,757.0,noun,B2
780,запах,759.0,noun,B2
781,поэт,760.0,noun,B2
782,район,761.0,noun,B2
783,лист,762.0,noun,B2
785,стекло,764.0,noun,B2
787,количество,766.0,noun,B2
788,этаж,767.0,noun,B2
789,тип,768.0,noun,B2
791,свобода,770.0,noun,B2
792,сапог,771.0,noun,B2
793,суд,772.0,noun,B2
795,выход,774.0,noun,A2
796,дед,775.0,noun,B2
797,лоб,776.0,noun,B2
798,кресло,777.0,noun,B2
799,дочь,778.0,noun,B2
802,характер,781.0,noun,B2
803,опыт,782.0,noun,B2
804,площадь,783.0,noun,B2
808,управление,787.0,noun,B2
810,мнение,789.0,noun,B2
814,революция,793.0,noun,B2
816,улыбка,795.0,noun,B2
817,рост,796.0,noun,B2
818,лошадь,797.0,noun,B2
822,кожа,801.0,noun,B2
824,звезда,803.0,noun,B2
825,поезд,804.0,noun,B2
828,сестра,807.0,noun,A2
832,баба,811.0,noun,B2
834,цветок,813.0,noun,B2
835,дождь,814.0,noun,A2
836,желание,815.0,noun,B2
837,болезнь,816.0,noun,B2
841,сосед,820.0,noun,B2
842,пример,821.0,noun,B2
846,дама,825.0,noun,B2
848,орган,827.0,noun,B2
849,поле,828.0,noun,B2
850,ящик,829.0,noun,B2
851,цена,830.0,noun,B2
857,карта,836.0,noun,B2
858,слава,837.0,noun,B2
859,радость,838.0,noun,B2
861,тень,840.0,noun,B2
863,операция,842.0,noun,B2
867,музыка,846.0,noun,B2
870,завод,849.0,noun,B2
872,лето,851.0,noun,B2
879,станция,858.0,noun,A2
880,повод,859.0,noun,B2
881,воля,860.0,noun,B2
882,литература,861.0,noun,B1
885,дурак,864.0,noun,B2
886,приказ,865.0,noun,B2
887,гражданин,866.0,noun,B2
890,крыша,869.0,noun,B2
891,цвет,870.0,noun,B2
895,статья,874.0,noun,B2
896,круг,875.0,noun,B2
898,факт,877.0,noun,B2
899,бок,878.0,noun,B2
903,стул,882.0,noun,A2
907,лагерь,886.0,noun,B2
908,войско,887.0,noun,B2
911,вино,890.0,noun,A1
912,возраст,891.0,noun,B2
915,лестница,894.0,noun,B2
917,министр,896.0,noun,B2
918,фронт,897.0,noun,B2
924,сад,903.0,noun,B2
926,задача,905.0,noun,B2
932,темнота,911.0,noun,B2
933,название,912.0,noun,B2
938,дым,917.0,noun,B2
940,километр,919.0,noun,B2
947,прочее,926.0,noun,B2
953,доллар,932.0,noun,B2
955,выражение,934.0,noun,B2
958,танк,937.0,noun,B2
961,зима,940.0,noun,B2
962,знак,941.0,noun,B2
965,мозг,943.0,noun,B2
966,учитель,944.0,noun,B2
969,майор,947.0,noun,B2
973,тишина,951.0,noun,B2
974,кровать,952.0,noun,A2
978,рыба,956.0,noun,B2
979,щека,957.0,noun,B2
980,птица,958.0,noun,B2
985,папа,963.0,noun,A2
987,водка,965.0,noun,B2
988,здание,966.0,noun,B2
990,зеркало,968.0,noun,B2
992,искусство,970.0,noun,B2
993,начало,971.0,noun,B2
997,вагон,975.0,noun,B2
999,автомат,977.0,noun,B2
1002,милиция,980.0,noun,B2
1003,срок,981.0,noun,B2
1006,одежда,984.0,noun,B2
1008,корабль,986.0,noun,B2
1009,кулак,987.0,noun,B2
1010,художник,988.0,noun,B2
1011,курс,989.0,noun,B2
1012,куст,990.0,noun,B2
1013,состав,991.0,noun,B2
1018,чудо,996.0,noun,B2
1020,кусок,998.0,noun,B2
1024,фирма,1002.0,noun,B2
1025,миллион,1003.0,noun,B2
1028,тема,1006.0,noun,B2
1034,линия,1012.0,noun,B2
1036,мешок,1014.0,noun,B2
1038,бабушка,1016.0,noun,B2
1039,крик,1017.0,noun,B2
1040,рот,1018.0,noun,B2
1041,сутки,1019.0,noun,B2
1043,ключ,1021.0,noun,B2
1045,процент,1023.0,noun,B2
1046,ощущение,1024.0,noun,B2
1048,остров,1026.0,noun,B2
1049,конь,1027.0,noun,B2
1052,театр,1030.0,noun,B2
1053,живот,1031.0,noun,B2
1055,штаб,1033.0,noun,B2
1056,детство,1034.0,noun,B2
1060,сотня,1038.0,noun,B2
1062,стакан,1040.0,noun,B2
1065,трое,1043.0,noun,B2
1066,материал,1044.0,noun,B2
1067,ужас,1045.0,noun,B2
1070,значение,1048.0,noun,B2
1071,труба,1049.0,noun,B2
1074,стих,1052.0,noun,B2
1075,способ,1053.0,noun,B2
1078,степень,1056.0,noun,B2
1083,волна,1061.0,noun,B2
1088,глубина,1066.0,noun,B2
1091,нож,1069.0,noun,B2
1093,рынок,1071.0,noun,B2
1094,шум,1072.0,noun,B2
1095,студент,1073.0,noun,B2
1098,отдел,1076.0,noun,B2
1099,запад,1077.0,noun,B2
1100,очко,1078.0,noun,B2
1104,успех,1082.0,noun,B2
1105,инженер,1083.0,noun,B2
1106,население,1084.0,noun,B2
1111,пыль,1089.0,noun,B2
1115,знание,1093.0,noun,B2
1117,секретарь,1095.0,noun,B2
1119,ошибка,1097.0,noun,B2
1120,боец,1098.0,noun,B2
1122,масса,1100.0,noun,B2
1123,чёрт,1101.0,noun,B2
1125,царь,1103.0,noun,B2
1129,фигура,1107.0,noun,B2
1131,противник,1109.0,noun,B2
1132,даль,1110.0,noun,B2
1135,журнал,1113.0,noun,B2
1139,победа,1117.0,noun,B2
1141,сотрудник,1119.0,noun,B2
1150,адрес,1128.0,noun,B2
1152,период,1130.0,noun,B2
1153,еврей,1131.0,noun,B2
1154,слух,1132.0,noun,B2
1156,клуб,1134.0,noun,A2
1158,хвост,1136.0,noun,B2
1161,предмет,1138.0,noun,B2
1166,лечение,1143.0,noun,B2
1170,зрение,1147.0,noun,B2
1176,беда,1153.0,noun,B2
1177,столица,1154.0,noun,B2
1178,обед,1155.0,noun,B2
1181,культура,1158.0,noun,B2
1183,высота,1160.0,noun,B2
1184,территория,1161.0,noun,B2
1185,костюм,1162.0,noun,B2
1192,попытка,1169.0,noun,B2
1193,дно,1170.0,noun,B2
1197,страница,1174.0,noun,B2
1200,еда,1177.0,noun,A2
1201,размер,1178.0,noun,B2
1205,сцена,1182.0,noun,B2
1211,фотография,1188.0,noun,B2
1213,принцип,1190.0,noun,B2
1214,миг,1191.0,noun,B2
1219,тётя,1196.0,noun,B2
1221,мастер,1198.0,noun,B2
1222,отряд,1199.0,noun,B2
1223,старуха,1200.0,noun,B2
1225,житель,1202.0,noun,B2
1226,меч,1203.0,noun,B2
1229,господь,1206.0,noun,B2
1231,тюрьма,1208.0,noun,B2
1236,дворец,1213.0,noun,B2
1239,камера,1216.0,noun,B2
1241,существо,1218.0,noun,B2
1242,билет,1219.0,noun,A2
1244,фраза,1221.0,noun,B2
1247,весна,1224.0,noun,B2
1248,лодка,1225.0,noun,B2
1250,фильм,1227.0,noun,B2
1252,больница,1229.0,noun,B2
1253,смех,1230.0,noun,B2
1254,специалист,1231.0,noun,B2
1258,мальчишка,1235.0,noun,B2
1263,продукт,1240.0,noun,B2
1264,пистолет,1241.0,noun,B2
1267,родина,1244.0,noun,B2
1269,личность,1246.0,noun,B2
1274,скорость,1251.0,noun,B2
1275,участок,1252.0,noun,B2
1279,текст,1256.0,noun,A2
1280,зверь,1257.0,noun,B2
1287,артист,1264.0,noun,B2
1289,автомобиль,1266.0,noun,B2
1290,участие,1267.0,noun,B2
1291,кот,1268.0,noun,B2
1292,мост,1269.0,noun,B2
1295,здоровье,1272.0,noun,B2
1296,костёр,1273.0,noun,B2
1299,пуля,1276.0,noun,B2
1300,сомнение,1277.0,noun,B2
1302,отсутствие,1279.0,noun,B2
1305,мясо,1282.0,noun,B2
1310,читатель,1287.0,noun,B2
1311,доска,1288.0,noun,B2
1312,убийство,1289.0,noun,B2
1315,мгновение,1292.0,noun,B2
1316,восток,1293.0,noun,B2
1320,настроение,1297.0,noun,B2
1324,пауза,1301.0,noun,B2
1325,приём,1302.0,noun,B2
1326,порог,1303.0,noun,B2
1327,фон,1304.0,noun,B2
1332,пропасть,1309.0,noun,B2
1335,песок,1312.0,noun,B2
1336,долг,1313.0,noun,B2
1342,работник,1319.0,noun,B2
1348,сожаление,1325.0,noun,B2
1353,горло,1330.0,noun,B2
1355,ресторан,1332.0,noun,A1
1356,список,1333.0,noun,B2
1358,праздник,1335.0,noun,B2
1360,покой,1337.0,noun,B2
1361,шутка,1338.0,noun,B2
1362,автобус,1339.0,noun,A2
1363,рада,1340.0,noun,B2
1365,вариант,1342.0,noun,B2
1367,дыхание,1344.0,noun,B2
1369,организм,1346.0,noun,B2
1373,жертва,1350.0,noun,B2
1375,начальство,1352.0,noun,B2
1377,рукав,1354.0,noun,B2
1378,занятие,1355.0,noun,B2
1381,охрана,1358.0,noun,B2
1384,масло,1361.0,noun,B2
1387,кость,1364.0,noun,B2
1390,пиво,1367.0,noun,A1
1395,чиновник,1372.0,noun,B2
1396,эхо,1373.0,noun,B2
1399,потолок,1376.0,noun,B2
1400,лёгкое,1377.0,noun,B2
1402,защита,1379.0,noun,B2
1405,энергия,1382.0,noun,B2
1406,звонок,1383.0,noun,B2
1408,сигарета,1385.0,noun,B2
1412,кошка,1389.0,noun,A2
1414,зона,1391.0,noun,B2
1415,диван,1392.0,noun,B2
1418,предел,1395.0,noun,B2
1425,пятнадцать,1402.0,noun,B2
1429,постель,1406.0,noun,B2
1430,тайна,1407.0,noun,B2
1432,туман,1409.0,noun,B2
1435,книжка,1412.0,noun,B2
1445,королева,1422.0,noun,B2
1447,вход,1424.0,noun,A2
1448,церковь,1425.0,noun,B2
1450,музей,1427.0,noun,B2
1451,планета,1428.0,noun,B2
1452,опасность,1429.0,noun,B2
1461,поиск,1438.0,noun,B2
1462,палатка,1439.0,noun,B2
1466,источник,1443.0,noun,B2
1468,основание,1445.0,noun,B2
1477,осень,1454.0,noun,B2
1480,понятие,1457.0,noun,B2
1481,тон,1458.0,noun,B2
1483,аппарат,1460.0,noun,B2
1484,водитель,1461.0,noun,B2
1489,крыло,1466.0,noun,B2
1490,изменение,1467.0,noun,B2
1491,беседа,1468.0,noun,B2
1492,пост,1469.0,noun,B2
1493,вывод,1470.0,noun,B2
1494,комиссия,1471.0,noun,B2
1496,множество,1473.0,noun,B2
1497,явление,1474.0,noun,B2
1501,красота,1478.0,noun,B2
1503,мороз,1480.0,noun,B2
1504,дача,1481.0,noun,B2
1506,пастух,1483.0,noun,B2
1510,дон,1487.0,noun,B2
1512,остальное,1489.0,noun,B2
1515,площадка,1492.0,noun,B2
1517,усилие,1494.0,noun,B2
1518,приятель,1495.0,noun,B2
1520,ручка,1496.0,noun,B2
1523,столик,1499.0,noun,B2
1524,журналист,1500.0,noun,B2
1526,выстрел,1502.0,noun,B2
1527,озеро,1503.0,noun,B2
1530,сумка,1506.0,noun,B2
1531,кино,1507.0,noun,B2
1532,должность,1508.0,noun,B2
1533,зло,1509.0,noun,B2
1534,позиция,1510.0,noun,B2
1538,удивление,1514.0,noun,B2
1540,ученик,1516.0,noun,B2
1543,основа,1519.0,noun,B2
1544,горе,1520.0,noun,B2
1547,рождение,1523.0,noun,B2
1548,песня,1524.0,noun,B2
1550,полок,1526.0,noun,B2
1552,старшина,1528.0,noun,B2
1553,колесо,1529.0,noun,B2
1555,шофёр,1531.0,noun,B2
1556,проект,1532.0,noun,B2
1557,совесть,1533.0,noun,B2
1560,суть,1536.0,noun,B2
1561,режим,1537.0,noun,B2
1563,стен,1539.0,noun,B2
1564,чемодан,1540.0,noun,B2
1565,платье,1541.0,noun,B2
1567,хозяйство,1543.0,noun,B2
1568,полиция,1544.0,noun,A2
1569,пункт,1545.0,noun,B2
1570,ствол,1546.0,noun,B2
1571,толк,1547.0,noun,B2
1572,вкус,1548.0,noun,B2
1575,добро,1551.0,noun,B2
1576,портрет,1552.0,noun,B2
1578,полк,1554.0,noun,B2
1579,кофе,1555.0,noun,A1
1580,отделение,1556.0,noun,B2
1581,подать,1557.0,noun,B2
1582,обстановка,1558.0,noun,B2
1583,пятно,1559.0,noun,B2
1585,бровь,1561.0,noun,B2
1586,телевизор,1562.0,noun,B2
1589,база,1565.0,noun,B2
1592,тревога,1568.0,noun,B2
1594,помещение,1570.0,noun,B2
1597,урок,1573.0,noun,B2
1599,поведение,1575.0,noun,B2
1600,создание,1576.0,noun,B2
1601,собрание,1577.0,noun,B2
1602,дедушка,1578.0,noun,B2
1606,функция,1582.0,noun,B2
1607,нарушение,1583.0,noun,B2
1609,экран,1585.0,noun,B2
1611,шапка,1587.0,noun,B2
1614,полоса,1590.0,noun,B2
1615,хозяйка,1591.0,noun,B2
1616,штаны,1592.0,noun,B2
1618,грязь,1594.0,noun,B2
1620,заявление,1596.0,noun,B2
1623,труп,1599.0,noun,B2
1626,подарок,1602.0,noun,B2
1627,рубашка,1603.0,noun,B2
1628,август,1604.0,noun,B2
1631,объект,1607.0,noun,B2
1635,охота,1611.0,noun,B2
1636,штука,1612.0,noun,B2
1637,муха,1613.0,noun,B2
1642,молоко,1618.0,noun,B2
1648,буква,1624.0,noun,B2
1650,вершина,1626.0,noun,B2
1657,товар,1633.0,noun,B2
1659,лапа,1635.0,noun,B2
1662,гостиница,1638.0,noun,A1
1666,середина,1642.0,noun,B2
1670,бригада,1646.0,noun,B2
1673,признак,1649.0,noun,B2
1674,среда,1650.0,noun,A2
1675,политика,1651.0,noun,B2
1676,капля,1652.0,noun,B2
1677,вес,1653.0,noun,B2
1679,комитет,1655.0,noun,B2
1681,плащ,1657.0,noun,B2
1683,поток,1659.0,noun,B2
1694,холод,1670.0,noun,B2
1700,записка,1676.0,noun,B2
1701,появление,1677.0,noun,B2
1702,платок,1678.0,noun,B2
1708,корпус,1684.0,noun,B2
1713,сведение,1689.0,noun,B2
1716,забор,1692.0,noun,C1
1717,октябрь,103.0,noun,A1
1718,строй,1694.0,noun,C1
1719,морда,1695.0,noun,C1
1723,краска,1699.0,noun,C1
1726,кружок,1702.0,noun,C1
1728,могила,1704.0,noun,C1
1730,облако,1706.0,noun,C1
1731,шкаф,1707.0,noun,C1
1733,милиционер,1709.0,noun,C1
1734,сумма,1710.0,noun,C1
1736,сеть,1712.0,noun,C1
1737,грех,1713.0,noun,C1
1739,ожидание,1715.0,noun,C1
1741,инспектор,1717.0,noun,C1
1742,сообщение,1718.0,noun,C1
1743,стенка,1719.0,noun,C1
1744,подъезд,1720.0,noun,C1
1747,парк,1723.0,noun,C1
1749,вокзал,1725.0,noun,C1
1756,борт,1732.0,noun,C1
1761,взрыв,1737.0,noun,C1
1764,расстояние,1740.0,noun,C1
1765,локоть,1741.0,noun,C1
1766,актёр,1742.0,noun,C1
1769,куртка,1745.0,noun,A2
1775,луна,1751.0,noun,C1
1776,скала,1752.0,noun,C1
1777,экономика,1753.0,noun,C1
1782,песнь,1758.0,noun,C1
1788,шинель,1764.0,noun,C1
1789,лёд,1765.0,noun,C1
1790,волк,1766.0,noun,C1
1791,структура,1767.0,noun,C1
1792,сержант,1768.0,noun,C1
1795,клетка,1771.0,noun,C1
1796,поколение,1772.0,noun,C1
1797,газ,1773.0,noun,C1
1799,пила,1775.0,noun,C1
1800,файл,1776.0,noun,C1
1802,орудие,1778.0,noun,C1
1803,коллега,1779.0,noun,C1
1805,просьба,1781.0,noun,C1
1807,выбор,1783.0,noun,C1
1809,куча,1785.0,noun,C1
1810,корень,1786.0,noun,C1
1812,содержание,1788.0,noun,C1
1813,разница,1789.0,noun,C1
1815,остаток,1791.0,noun,C1
1816,расчёт,1792.0,noun,C1
1823,республика,1799.0,noun,C1
1824,пояс,1800.0,noun,C1
1827,шёпот,1803.0,noun,C1
1828,сентябрь,1804.0,noun,C1
1829,дивизия,1805.0,noun,C1
1830,гриб,1806.0,noun,C1
1831,сравнение,1807.0,noun,C1
1834,бабка,1810.0,noun,C1
1837,реакция,1813.0,noun,C1
1838,тоска,1814.0,noun,C1
1839,посёлок,1815.0,noun,C1
1841,кольцо,1817.0,noun,C1
1847,слой,1823.0,noun,C1
1850,страсть,1826.0,noun,C1
1852,напряжение,1828.0,noun,C1
1855,коммунист,1831.0,noun,C1
1857,участник,1833.0,noun,C1
1858,подруга,1834.0,noun,A2
1859,изба,1835.0,noun,C1
1860,голод,1836.0,noun,C1
1863,пёс,1839.0,noun,C1
1865,истина,1841.0,noun,C1
1866,колонна,1842.0,noun,C1
1869,оборона,1845.0,noun,C1
1875,элемент,1851.0,noun,C1
1876,пиджак,1852.0,noun,C1
1880,крыльцо,1856.0,noun,C1
1881,отличие,1857.0,noun,C1
1882,брюки,1858.0,noun,C1
1884,орден,1860.0,noun,C1
1887,техника,1863.0,noun,C1
1889,канал,1865.0,noun,C1
1890,девчонка,1866.0,noun,C1
1892,крест,1868.0,noun,C1
1894,теория,1870.0,noun,C1
1895,луч,1871.0,noun,C1
1896,молчание,1872.0,noun,C1
1898,батарея,1874.0,noun,C1
1899,устройство,1875.0,noun,C1
1900,палка,1876.0,noun,C1
1902,фонарь,1878.0,noun,C1
1905,контроль,1881.0,noun,C1
1912,ветка,1888.0,noun,C1
1913,влияние,1889.0,noun,C1
1914,разведка,1890.0,noun,C1
1915,справа,1891.0,noun,C1
1917,польза,1892.0,noun,C1
1918,дочка,1893.0,noun,A2
1919,надпись,1894.0,noun,C1
1922,обезьяна,1897.0,noun,C1
1925,склад,1900.0,noun,C1
1927,север,1902.0,noun,C1
1929,печать,1904.0,noun,C1
1930,крестьянин,1905.0,noun,C1
1932,пальто,1907.0,noun,C1
1934,тарелка,1909.0,noun,C1
1935,следствие,1910.0,noun,C1
1944,ракета,1919.0,noun,C1
1947,зарплата,1922.0,noun,C1
1948,топор,1923.0,noun,C1
1949,убийца,1924.0,noun,C1
1951,сущность,1926.0,noun,C1
1955,домик,1930.0,noun,C1
1957,запись,1932.0,noun,C1
1958,пожар,1933.0,noun,C1
1959,пачка,1934.0,noun,C1
1960,ага,1935.0,noun,C1
1964,свидетель,1939.0,noun,C1
1966,пища,1941.0,noun,C1
1967,забота,1942.0,noun,C1
1970,открытие,1945.0,noun,C1
1971,девица,1946.0,noun,C1
1974,вождь,1949.0,noun,C1
1975,одеяло,1950.0,noun,C1
1976,храм,1951.0,noun,C1
1980,пассажир,1955.0,noun,C1
1982,поездка,1957.0,noun,C1
1983,рана,1958.0,noun,C1
1984,верёвка,1959.0,noun,C1
1985,погода,1960.0,noun,A2
1986,двести,1961.0,noun,C1
1988,паспорт,1963.0,noun,C1
1989,привычка,1964.0,noun,C1
1990,холм,1965.0,noun,C1
1997,шоссе,1972.0,noun,C1
1999,поворот,1974.0,noun,C1
2000,восторг,1975.0,noun,C1
2001,мечта,1976.0,noun,C1
2002,кабина,1977.0,noun,C1
2003,картошка,1978.0,noun,C1
2009,борода,1984.0,noun,C1
2012,запас,1987.0,noun,C1
2016,тайга,1991.0,noun,C1
2017,молодец,1992.0,noun,C1
2018,пресса,1993.0,noun,C1
2023,талант,1998.0,noun,C1
2030,дружба,2005.0,noun,C1
2031,памятник,2006.0,noun,C1
2032,помощник,2007.0,noun,C1
2033,шляпа,2008.0,noun,C1
2036,подготовка,2011.0,noun,C1
2037,вызов,2012.0,noun,C1
2044,батальон,2019.0,noun,C1
2047,смена,2022.0,noun,C1
2048,потеря,2023.0,noun,C1
2052,сигнал,2027.0,noun,C1
2054,затылок,2029.0,noun,C1
2055,мотор,2030.0,noun,C1
2057,обида,2032.0,noun,C1
2058,профессия,2033.0,noun,C1
2060,юноша,2035.0,noun,C1
2063,доля,2038.0,noun,C1
2064,воин,2039.0,noun,C1
2065,медведь,2040.0,noun,C1
2066,ведро,2041.0,noun,C1
2068,сказка,2043.0,noun,C1
2072,полёт,2047.0,noun,C1
2073,пулемёт,2048.0,noun,C1
2074,железо,2049.0,noun,C1
2077,механизм,2052.0,noun,C1
2078,тьма,2053.0,noun,C1
2080,новость,2055.0,noun,C1
2082,строка,2057.0,noun,C1
2085,сфера,2060.0,noun,C1
2086,комиссар,2061.0,noun,C1
2089,малыш,2064.0,noun,C1
2090,повесть,2065.0,noun,C1
2093,поражение,2068.0,noun,C1
2094,цифра,2069.0,noun,C1
2095,компьютер,2070.0,noun,C1
2097,угроза,2072.0,noun,C1
2098,исключение,2073.0,noun,C1
2099,бумажка,2074.0,noun,C1
2101,договор,2076.0,noun,C1
2102,башня,2077.0,noun,C1
2103,секрет,2078.0,noun,C1
2104,лампа,2079.0,noun,C1
2105,ремень,2080.0,noun,C1
2107,глупость,2082.0,noun,C1
2109,библиотека,2084.0,noun,C1
2110,ботинок,2085.0,noun,A2
2113,ткань,2088.0,noun,C1
2114,халат,2089.0,noun,C1
2118,океан,2093.0,noun,C1
2120,деталь,2095.0,noun,C1
2121,молодёжь,2096.0,noun,C1
2122,радио,2097.0,noun,C1
2125,лидер,2100.0,noun,C1
2128,корова,2103.0,noun,C1
2129,преступник,2104.0,noun,C1
2131,итог,2106.0,noun,C1
2134,задание,2109.0,noun,C1
2136,заседание,2111.0,noun,C1
2137,папка,2112.0,noun,C1
2140,депутат,2115.0,noun,C1
2143,молодость,2118.0,noun,C1
2147,норма,2122.0,noun,C1
2149,гном,2124.0,noun,C1
2154,цепь,2129.0,noun,C1
2155,метода,2130.0,noun,C1
2159,жар,2134.0,noun,C1
2162,пакет,2137.0,noun,A2
2163,уважение,2138.0,noun,C1
2164,контакт,2139.0,noun,C1
2165,пот,2140.0,noun,C1
2166,подвал,2141.0,noun,C1
2167,ужин,2142.0,noun,C1
2168,переход,2143.0,noun,C1
2171,бег,2146.0,noun,C1
2173,американец,2148.0,noun,C1
2174,традиция,2149.0,noun,C1
2175,привет,2150.0,noun,A2
2176,столб,2151.0,noun,C1
2177,услуга,2152.0,noun,C1
2179,шеф,2154.0,noun,C1
2182,вещество,2157.0,noun,C1
2183,баня,2158.0,noun,C1
2185,снаряд,2160.0,noun,C1
2186,вор,2161.0,noun,C1
2188,разведчик,2163.0,noun,C1
2191,редактор,2166.0,noun,C1
2192,бандит,2167.0,noun,C1
2194,подушка,2169.0,noun,C1
2198,грузовик,2173.0,noun,C1
2200,раствор,2175.0,noun,C1
2201,яма,2176.0,noun,C1
2207,модель,2182.0,noun,C1
2210,инструмент,2185.0,noun,C1
2211,золото,2186.0,noun,C1
2215,стрелок,2190.0,noun,C1
2216,жест,2191.0,noun,C1
2218,ноябрь,2193.0,noun,C1
2221,эпоха,2196.0,noun,C1
2224,отдых,2199.0,noun,C1
2227,передача,2202.0,noun,C1
2232,шар,2207.0,noun,C1
2233,звание,2208.0,noun,C1
2236,волнение,2211.0,noun,C1
2237,щель,2212.0,noun,C1
2238,акция,2213.0,noun,C1
2239,узел,2214.0,noun,C1
2240,гроб,2215.0,noun,C1
2245,редакция,2220.0,noun,C1
2249,май,2224.0,noun,C1
2250,поддержка,2225.0,noun,C1
2252,дверца,2227.0,noun,C1
2257,марка,2232.0,noun,C1
2259,разрешение,2234.0,noun,C1
2260,император,2235.0,noun,C1
2261,листок,2236.0,noun,C1
2264,двигатель,2239.0,noun,C1
2270,лев,2245.0,noun,C1
2274,коробка,2249.0,noun,C1
2276,печка,2251.0,noun,C1
2280,поступок,2255.0,noun,C1
2282,симптом,2257.0,noun,C1
2287,кладбище,2262.0,noun,C1
2288,комплекс,2263.0,noun,C1
2291,шанс,2266.0,noun,C1
2292,ложка,2267.0,noun,C1
2293,старушка,2268.0,noun,C1
2295,наблюдение,2270.0,noun,C1
2297,декабрь,2272.0,noun,C1
2298,палата,2273.0,noun,C1
2300,судья,2275.0,noun,C1
2303,порт,2278.0,noun,C1
2304,винтовка,2279.0,noun,C1
2305,горизонт,2280.0,noun,C1
2309,портфель,2284.0,noun,C1
2317,спутник,2292.0,noun,C1
2318,июнь,2293.0,noun,C1
2319,требование,2294.0,noun,C1
2321,ценность,2296.0,noun,C1
2329,гений,2304.0,noun,C1
2330,пламя,2305.0,noun,C1
2331,стиль,2306.0,noun,C1
2333,лук,2308.0,noun,C1
2334,госпиталь,2309.0,noun,C1
2335,агент,2310.0,noun,C1
2339,коньяк,2314.0,noun,C1
2340,публика,2315.0,noun,C1
2342,князь,2317.0,noun,C1
2343,ненависть,2318.0,noun,C1
2347,март,2322.0,noun,C1
2349,дар,2324.0,noun,C1
2350,моряк,2325.0,noun,C1
2358,перо,2333.0,noun,C1
2359,колхоз,2334.0,noun,C1
2360,владелец,2335.0,noun,C1
2361,концерт,2336.0,noun,C1
2364,знакомство,2339.0,noun,C1
2365,слабость,2340.0,noun,C1
2369,рыбак,2344.0,noun,C1
2370,яйцо,2345.0,noun,C1
2373,отель,2348.0,noun,C1
2377,степь,2352.0,noun,C1
2380,объяснение,2355.0,noun,C1
2381,туча,2356.0,noun,C1
2385,взвод,2360.0,noun,C1
2387,огород,2362.0,noun,C1
2388,клиент,2363.0,noun,C1
2393,мелочь,2368.0,noun,C1
2394,склон,2369.0,noun,C1
2395,верх,2370.0,noun,C1
2396,пушок,2371.0,noun,C1
2397,тётка,2372.0,noun,C1
2398,лётчик,2373.0,noun,C1
2401,лекарство,2376.0,noun,C1
2405,гвоздь,2380.0,noun,C1
2410,ружьё,2385.0,noun,C1
2412,кандидат,2387.0,noun,C1
2413,разум,2388.0,noun,C1
2416,благо,2391.0,noun,C1
2417,назначение,2392.0,noun,C1
2422,нерв,2397.0,noun,C1
2425,бельё,2400.0,noun,C1
2426,подбородок,2401.0,noun,C1
2427,этап,2402.0,noun,C1
2428,бомба,2403.0,noun,C1
2432,политик,2407.0,noun,C1
2434,карьера,2409.0,noun,C1
2440,заяц,2415.0,noun,C1
2441,дума,2416.0,noun,C1
2443,метро,2418.0,noun,A2
2452,городок,2427.0,noun,C1
2455,экзамен,2430.0,noun,C1
2456,гибель,2431.0,noun,C1
2458,кнопка,2433.0,noun,C1
2461,ангел,2436.0,noun,C1
2462,огонёк,2437.0,noun,C1
2463,доклад,2438.0,noun,C1
2464,дрова,2439.0,noun,C1
2467,сволочь,2442.0,noun,C1
2469,роза,2444.0,noun,C1
2471,яблоко,2446.0,noun,C1
2472,кадр,2447.0,noun,C1
2474,дорожка,2449.0,noun,C1
2475,губернатор,2450.0,noun,C1
2476,тяжесть,2451.0,noun,C1
2478,частность,2453.0,noun,C1
2483,пенсия,2458.0,noun,C1
2484,июль,2459.0,noun,C1
2485,фонд,2460.0,noun,C1
2489,искра,2464.0,noun,C1
2494,отчаяние,2469.0,noun,C1
2495,бизнес,2470.0,noun,C1
2496,болото,2471.0,noun,C1
2500,сэр,2475.0,noun,C1
2502,виза,2477.0,noun,C1
2503,отпуск,2478.0,noun,C1
2508,оценка,2483.0,noun,C1
2514,груз,2489.0,noun,C1
2515,бюджет,2490.0,noun,C1
2518,кролик,2493.0,noun,C1
2521,танец,2496.0,noun,C1
2523,внук,2498.0,noun,C1
2524,гордость,2499.0,noun,C1
2526,получение,2501.0,noun,C1
2528,стук,2503.0,noun,C1
2531,январь,2506.0,noun,C1
2538,шкура,2513.0,noun,C1
2540,заключение,2515.0,noun,C1
2542,санкт,2517.0,noun,C1
2543,ковёр,2518.0,noun,C1
2546,койка,2521.0,noun,C1
2548,недостаток,2523.0,noun,C1
2550,наличие,2525.0,noun,C1
2552,статус,2527.0,noun,C1
2553,поход,2528.0,noun,C1
2554,училище,2529.0,noun,C1
2557,рыцарь,2532.0,noun,C1
2558,прибор,2533.0,noun,C1
2559,выборы,2534.0,noun,C1
2563,карточка,2538.0,noun,C1
2564,государь,2539.0,noun,C1
2569,зритель,2544.0,noun,C1
2572,империя,2547.0,noun,C1
2573,девка,2548.0,noun,C1
2574,давление,2549.0,noun,C1
2575,патрон,2550.0,noun,C1
2576,мина,2551.0,noun,C1
2578,спектакль,2553.0,noun,C1
2580,хрен,2555.0,noun,C1
2581,применение,2556.0,noun,C1
2583,лекция,2558.0,noun,C1
2584,желудок,2559.0,noun,C1
2586,супруг,2561.0,noun,C1
2588,галстук,2563.0,noun,C1
2590,док,2565.0,noun,C1
2591,социализм,2566.0,noun,C1
2592,свадьба,2567.0,noun,C1
2598,соль,2573.0,noun,C1
2601,руль,2576.0,noun,C1
2602,мука,2577.0,noun,C1
2607,штат,2582.0,noun,C1
2613,бочок,2588.0,noun,C1
2618,скандал,2593.0,noun,C1
2619,завтрак,2594.0,noun,C1
2620,сиденье,2595.0,noun,C1
2621,версия,2596.0,noun,C1
2622,понимание,2597.0,noun,C1
2626,охотник,2601.0,noun,C1
2629,пустыня,2604.0,noun,C1
2631,речка,2606.0,noun,C1
2633,бревно,2608.0,noun,C1
2635,стрела,2610.0,noun,C1
2638,академия,2613.0,noun,C1
2642,посуда,2617.0,noun,C1
2643,идиот,2618.0,noun,C1
2649,допрос,2624.0,noun,C1
2654,продажа,2629.0,noun,C1
2656,конфликт,2631.0,noun,C1
2658,свойство,2633.0,noun,C1
2662,кусочек,2637.0,noun,C1
2663,судно,2638.0,noun,C1
2666,рамка,2641.0,noun,C1
2667,карандаш,2642.0,noun,C1
2668,собеседник,2643.0,noun,C1
2669,бригадир,2644.0,noun,C1
2674,грохот,2649.0,noun,C1
2675,драка,2650.0,noun,C1
2676,мак,2651.0,noun,C1
2678,анализ,2653.0,noun,C1
2679,переговоры,2654.0,noun,C1
2684,торговля,2659.0,noun,C1
2685,москвич,2660.0,noun,C1
2686,транспорт,2661.0,noun,C1
2688,остановка,2663.0,noun,C1
2690,невеста,2665.0,noun,C1
2691,рукопись,2666.0,noun,C1
2695,блок,2670.0,noun,C1
2696,экспедиция,2671.0,noun,C1
2702,дура,2677.0,noun,C1
2704,красавица,2679.0,noun,C1
2708,крышка,2683.0,noun,C1
2710,удача,2685.0,noun,C1
2711,сарай,2686.0,noun,C1
2712,контора,2687.0,noun,C1
2714,скамейка,2689.0,noun,C1
2718,дьявол,2693.0,noun,C1
2719,рассвет,2694.0,noun,C1
2720,академик,2695.0,noun,C1
2723,обмен,2698.0,noun,C1
2724,каша,2699.0,noun,C1
2726,спичка,2701.0,noun,C1
2727,спора,2702.0,noun,C1
2729,перевод,2704.0,noun,C1
2730,кафе,2705.0,noun,A2
2734,режиссёр,2709.0,noun,C1
2736,отчёт,2711.0,noun,C1
2738,блеск,2713.0,noun,C1
2740,проверка,2715.0,noun,C1
2743,сахар,2718.0,noun,C1
2745,лопата,2720.0,noun,C1
2747,надел,2722.0,noun,C1
2748,питание,2723.0,noun,C1
2749,прокурор,2724.0,noun,C1
2751,экипаж,2726.0,noun,C1
2752,лифт,2727.0,noun,C1
2754,такси,2729.0,noun,A1
2756,трус,2731.0,noun,C1
2760,иностранец,2735.0,noun,C1
2762,лента,2737.0,noun,C1
2766,цех,2741.0,noun,C1
2767,балкон,2742.0,noun,C1
2768,мода,2743.0,noun,C1
2769,ступенька,2744.0,noun,C1
2770,выставка,2745.0,noun,C1
2771,окончание,2746.0,noun,C1
2777,суп,2752.0,noun,A2
2778,сено,2753.0,noun,C1
2779,акт,2754.0,noun,C1
2780,указание,2755.0,noun,C1
2784,молния,2759.0,noun,C1
2789,глоток,2764.0,noun,C1
2790,поза,2765.0,noun,C1
2792,пустота,2767.0,noun,C1
2793,реальность,2768.0,noun,C1
2794,музыкант,2769.0,noun,C1
2797,свидание,2772.0,noun,C1
2798,брак,2773.0,noun,C1
2799,глазок,2774.0,noun,C1
2800,свинья,2775.0,noun,C1
2801,рубаха,2776.0,noun,C1
2802,спирт,2777.0,noun,C1
2803,принц,2778.0,noun,C1
2804,намерение,2779.0,noun,C1
2806,плод,2781.0,noun,C1
2807,рубеж,2782.0,noun,C1
2808,майка,2783.0,noun,C1
2811,ножка,2786.0,noun,C1
2813,проход,2788.0,noun,C1
2814,мистер,2789.0,noun,C1
2821,достижение,2796.0,noun,C1
2823,проявление,2798.0,noun,C1
2828,окоп,2803.0,noun,C1
2836,творчество,2811.0,noun,C1
2839,туалет,2814.0,noun,A1
2848,коммунизм,2823.0,noun,C1
2853,визит,2828.0,noun,C1
2857,учреждение,2832.0,noun,C1
2859,нация,2834.0,noun,C1
2860,прибыль,2835.0,noun,C1
2861,атмосфера,2836.0,noun,C1
2864,величество,2839.0,noun,C1
2865,стоимость,2840.0,noun,C1
2871,страдание,2846.0,noun,C1
2876,вина,2851.0,noun,C1
2877,ведьма,2852.0,noun,C1
2880,рисунок,2855.0,noun,C1
2883,ноготь,2858.0,noun,C1
2884,ложь,2859.0,noun,C1
2886,белок,2861.0,noun,C1
2888,повышение,2863.0,noun,C1
2894,папироса,2869.0,noun,C1
2895,тряпка,2870.0,noun,C1
2896,барон,2871.0,noun,C1
2897,посетитель,2872.0,noun,C1
2898,перемена,2873.0,noun,C1
2905,плита,2880.0,noun,C1
2911,окружающее,2886.0,noun,C1
2912,картинка,2887.0,noun,C1
2914,комбат,2889.0,noun,C1
2918,коллектив,2893.0,noun,C1
2919,чтение,2894.0,noun,C1
2920,объём,2895.0,noun,C1
2921,исполнение,2896.0,noun,C1
2923,пароход,2898.0,noun,C1
2924,подвиг,2899.0,noun,C1
2925,продукция,2900.0,noun,C1
2927,кирпич,2902.0,noun,C1
2928,копейка,2903.0,noun,C1
2930,наказание,2905.0,noun,C1
2931,готовность,2906.0,noun,C1
2932,уголок,2907.0,noun,C1
2933,установка,2908.0,noun,C1
2934,федерация,2909.0,noun,C1
2936,слуга,2911.0,noun,C1
2939,подпись,2914.0,noun,C1
2941,сбор,2916.0,noun,C1
2943,отказ,2918.0,noun,C1
2944,металл,2919.0,noun,C1
2946,пещера,2921.0,noun,C1
2947,тротуар,2922.0,noun,C1
2948,атака,2923.0,noun,C1
2949,решётка,2924.0,noun,C1
2952,переулок,2927.0,noun,C1
2953,препарат,2928.0,noun,C1
2955,совещание,2930.0,noun,C1
2957,нужда,2932.0,noun,C1
2958,тыл,2933.0,noun,C1
2964,наряд,2939.0,noun,C1
2965,советник,2940.0,noun,C1
2969,жалость,2944.0,noun,C1
2970,чашка,2945.0,noun,C1
2972,люк,2947.0,noun,C1
2975,носок,2950.0,noun,A1
2976,спорт,2951.0,noun,C1
2977,окружение,2952.0,noun,C1
2978,арест,2953.0,noun,C1
2982,флот,2957.0,noun,C1
2983,налог,2958.0,noun,C1
2986,демократия,2961.0,noun,C1
2990,олень,2965.0,noun,C1
2991,турист,2966.0,noun,C1
2994,эффект,2969.0,noun,C1
2998,разрыв,2973.0,noun,C1
2999,сосна,2974.0,noun,C1
3000,барин,2975.0,noun,C1
3005,нападение,2980.0,noun,C1
3006,суббота,2981.0,noun,A2
3010,мыло,2985.0,noun,C1
3015,протокол,2990.0,noun,C1
3016,лавка,2991.0,noun,C1
3019,примета,2994.0,noun,C1
3020,усталость,2995.0,noun,C1
3021,величина,2996.0,noun,C1
3022,съезд,2997.0,noun,C1
3025,боцман,3000.0,noun,C1
3027,свеча,3002.0,noun,C1
3030,асфальт,3005.0,noun,C1
3031,масштаб,3006.0,noun,C1
3033,фактор,3008.0,noun,C1
3036,обращение,3011.0,noun,C1
3037,почта,3012.0,noun,C1
3038,монах,3013.0,noun,C1
3039,рюмка,3014.0,noun,C1
3043,старость,3018.0,noun,C1
3044,зад,3019.0,noun,C1
3046,точность,3021.0,noun,C1
3048,четверть,3023.0,noun,C1
3054,охранник,3029.0,noun,C1
3057,справка,3032.0,noun,C1
3060,гнев,3035.0,noun,C1
3061,почва,3036.0,noun,C1
3062,плюс,3037.0,noun,C1
3063,рог,3038.0,noun,C1
3065,колдун,3040.0,noun,C1
3066,полгода,3041.0,noun,C1
3070,сочинение,3045.0,noun,C1
3074,реформа,3049.0,noun,C1
3075,долина,3050.0,noun,C1
3078,издание,3053.0,noun,C1
3079,доход,3054.0,noun,C1
3081,окошко,3056.0,noun,C1
3082,расход,3057.0,noun,C1
3083,жир,3058.0,noun,C1
3084,змея,3059.0,noun,C1
3085,рай,3060.0,noun,C1
3087,проспект,3062.0,noun,C1
3090,схема,3065.0,noun,C1
3092,несчастье,3067.0,noun,C1
3093,минимум,3068.0,noun,C1
3096,спасение,3071.0,noun,C1
3097,подоконник,3072.0,noun,C1
3099,подъём,3074.0,noun,C1
3100,авиация,3075.0,noun,C1
3103,признание,3078.0,noun,C1
3108,альбом,3083.0,noun,C1
3112,блюдо,3087.0,noun,C1
3115,мебель,3090.0,noun,C1
3118,апрель,3093.0,noun,C1
3121,кремль,3096.0,noun,C1
3122,старичок,3097.0,noun,C1
3125,спальня,3100.0,noun,C1
3127,стремление,3102.0,noun,C1
3128,облегчение,3103.0,noun,C1
3131,барак,3106.0,noun,C1
3135,сок,3110.0,noun,C1
3136,подозрение,3111.0,noun,C1
3140,деятель,3115.0,noun,C1
3144,ручей,3119.0,noun,C1
3149,общение,3124.0,noun,C1
3150,колбаса,3125.0,noun,C1
3154,любитель,3129.0,noun,C1
3158,показание,3133.0,noun,C1
3160,легенда,3135.0,noun,C1
3162,испытание,3137.0,noun,C1
3167,мышка,3142.0,noun,C1
3169,челюсть,3144.0,noun,C1
3178,уход,3153.0,noun,C1
3179,ремонт,3154.0,noun,C1
3180,осколок,3155.0,noun,C1
3181,соседка,3156.0,noun,C1
3182,телеграмма,3157.0,noun,C1
3186,уголь,3161.0,noun,C1
3187,согласие,3162.0,noun,C1
3189,звон,3164.0,noun,C1
3191,заказ,3166.0,noun,C1
3194,чеченец,3169.0,noun,C1
3196,практика,3171.0,noun,C1
3197,стойка,3172.0,noun,C1
3200,лампочка,3175.0,noun,C1
3204,ген,3179.0,noun,C1
3205,мышца,3180.0,noun,C1
3208,категория,3183.0,noun,C1
3212,пуговица,3187.0,noun,C1
3217,козёл,3192.0,noun,C2
3223,раб,3198.0,noun,C2
3229,образец,3204.0,noun,C2
3236,выполнение,3211.0,noun,C2
3239,падение,3214.0,noun,C2
3240,имущество,3215.0,noun,C2
3242,ток,3217.0,noun,C2
3245,приезд,3220.0,noun,C2
3246,пляж,3221.0,noun,C2
3248,сюжет,3223.0,noun,C2
3249,слон,3224.0,noun,C2
3251,монастырь,3226.0,noun,C2
3252,подросток,3227.0,noun,C2
3253,богатство,3228.0,noun,C2
3256,дневник,3231.0,noun,C2
3258,базар,3233.0,noun,C2
3261,проволока,3236.0,noun,C2
3263,ярость,3238.0,noun,C2
3273,воротник,3248.0,noun,C2
3277,аэропорт,3252.0,noun,C2
3279,длина,3254.0,noun,C2
3281,авторитет,3256.0,noun,C2
3283,принцесса,3258.0,noun,C2
3284,туфля,3259.0,noun,C2
3288,ветвь,3263.0,noun,C2
3289,кризис,3264.0,noun,C2
3293,отъезд,3268.0,noun,C2
3298,предок,3273.0,noun,C2
3299,жидкость,3274.0,noun,C2
3300,оркестр,3275.0,noun,C2
3301,дыра,3276.0,noun,C2
3304,волшебник,3279.0,noun,C2
3307,обвинение,3282.0,noun,C2
3308,бред,3283.0,noun,C2
3309,рис,3284.0,noun,C2
3311,маршрут,3286.0,noun,C2
3313,маршал,3288.0,noun,C2
3316,большевик,3291.0,noun,C2
3317,спинка,3292.0,noun,C2
3319,общежитие,3294.0,noun,C2
3324,гад,3299.0,noun,C2
3332,ерунда,3307.0,noun,C2
3333,приступ,3308.0,noun,C2
3334,крепость,3309.0,noun,C2
3335,треск,3310.0,noun,C2
3336,интервью,3311.0,noun,C2
3337,сумерки,3312.0,noun,C2
3338,проводник,3313.0,noun,C2
3342,конверт,3317.0,noun,C2
3343,анекдот,3318.0,noun,C2
3345,физиономия,3320.0,noun,C2
3348,трамвай,3323.0,noun,C2
3350,квартал,3325.0,noun,C2
3351,риск,3326.0,noun,C2
3352,дружок,3327.0,noun,C2
3356,прыжок,3331.0,noun,C2
3357,фабрика,3332.0,noun,C2
3359,оболочка,3334.0,noun,C2
3360,описание,3335.0,noun,C2
3362,взор,3337.0,noun,C2
3363,адвокат,3338.0,noun,C2
3367,заведение,3342.0,noun,C2
3371,архив,3346.0,noun,C2
3373,замысел,3348.0,noun,C2
3376,курсант,3351.0,noun,C2
3377,фуражка,3352.0,noun,C2
3378,февраль,3353.0,noun,C2
3379,капитал,3354.0,noun,C2
3382,фашист,3357.0,noun,C2
3384,полотенце,3359.0,noun,C2
3385,инструкция,3360.0,noun,C2
3386,маг,3361.0,noun,C2
3387,лужа,3362.0,noun,C2
3389,тонна,3364.0,noun,C2
3391,напиток,3366.0,noun,A2
3393,пьеса,3368.0,noun,C2
3400,жильё,3375.0,noun,C2
3404,процедура,3379.0,noun,C2
3408,жених,3383.0,noun,C2
3409,натура,3384.0,noun,C2
3414,маска,3389.0,noun,C2
3415,конкурс,3390.0,noun,C2
3416,технология,3391.0,noun,C2
3419,юность,3394.0,noun,C2
3420,рёв,3395.0,noun,C2
3421,сибирь,3396.0,noun,C2
3423,струя,3398.0,noun,C2
3431,кисть,3406.0,noun,C2
3432,проведение,3407.0,noun,C2
3433,ставка,3408.0,noun,C2
3434,провод,3409.0,noun,C2
3438,стрельба,3413.0,noun,C2
3440,реклама,3415.0,noun,C2
3441,комендант,3416.0,noun,C2
3443,премьера,3418.0,noun,C2
3445,поцелуй,3420.0,noun,C2
3447,прогулка,3422.0,noun,C2
3450,орёл,3425.0,noun,C2
3452,техник,3427.0,noun,C2
3453,прогресс,3428.0,noun,C2
3455,трудность,3430.0,noun,C2
3456,казарма,3431.0,noun,C2
3459,нар,3434.0,noun,C2
3460,кислота,3435.0,noun,C2
3464,юбка,3439.0,noun,C2
3467,полдень,3442.0,noun,C2
3469,овраг,3444.0,noun,C2
3473,череп,3448.0,noun,C2
3474,доверие,3449.0,noun,C2
3477,рожа,3452.0,noun,C2
3479,каюта,3454.0,noun,C2
3480,символ,3455.0,noun,C2
3481,дата,3456.0,noun,C2
3483,физика,3458.0,noun,C2
3485,регион,3460.0,noun,C2
3486,игрушка,3461.0,noun,C2
3490,стыд,3465.0,noun,C2
3491,матрос,3466.0,noun,C2
3499,гараж,3474.0,noun,C2
3502,фюрер,3477.0,noun,C2
3506,окраина,3481.0,noun,C2
3510,ноль,3485.0,noun,C2
3511,приход,3486.0,noun,C2
3512,премия,3487.0,noun,C2
3513,чайник,3488.0,noun,C2
3514,прихожая,3489.0,noun,C2
3515,сосуд,3490.0,noun,C2
3522,котелок,3497.0,noun,C2
3525,юмор,3500.0,noun,C2
3526,округ,3501.0,noun,C2
3528,хор,3503.0,noun,C2
3529,бокал,3504.0,noun,C2
3532,машинка,3507.0,noun,C2
3533,щит,3508.0,noun,C2
3534,рюкзак,3509.0,noun,C2
3536,фантазия,3511.0,noun,C2
3537,учёт,3512.0,noun,C2
3545,трагедия,3520.0,noun,C2
3549,награда,3524.0,noun,C2
3550,партнёр,3525.0,noun,C2
3555,вопль,3530.0,noun,C2
3556,перерыв,3531.0,noun,C2
3559,набережная,3534.0,noun,C2
3562,воспитание,3537.0,noun,C2
3564,недоумение,3539.0,noun,C2
3569,приговор,3544.0,noun,C2
3570,стадо,3545.0,noun,C2
3571,калитка,3546.0,noun,C2
3574,копия,3549.0,noun,C2
3578,вица,3553.0,noun,C2
3579,увеличение,3554.0,noun,C2
3581,мадам,3556.0,noun,C2
3588,табак,3563.0,noun,C2
3589,космос,3564.0,noun,C2
3591,катастрофа,3566.0,noun,C2
3602,подход,3577.0,noun,C2
3603,цепочка,3578.0,noun,C2
3604,зависть,3579.0,noun,C2
3606,гул,3581.0,noun,C2
3608,зерно,3583.0,noun,C2
3611,пустяк,3586.0,noun,C2
3613,котёл,3588.0,noun,C2
3616,подряд,3591.0,noun,C2
3620,хоббит,3595.0,noun,C2
3621,флаг,3596.0,noun,C2
3624,пионер,3599.0,noun,C2
3626,манера,3601.0,noun,C2
3627,злость,3602.0,noun,C2
3629,жалоба,3604.0,noun,C2
3633,учение,3608.0,noun,C2
3634,медаль,3609.0,noun,C2
3636,шпион,3611.0,noun,C2
3637,сезон,3612.0,noun,C2
3638,пришелец,3613.0,noun,C2
3643,танцор,3618.0,noun,C2
3647,облик,3622.0,noun,C2
3648,формула,3623.0,noun,C2
3649,сынок,3624.0,noun,C2
3655,намёк,3630.0,noun,C2
3660,грек,3635.0,noun,C2
3661,оборот,3636.0,noun,C2
3663,термин,3638.0,noun,C2
3670,идеал,3645.0,noun,C2
3671,марш,3646.0,noun,C2
3673,умение,3648.0,noun,C2
3682,покупатель,3657.0,noun,C2
3687,нефть,3662.0,noun,C2
3689,вена,3664.0,noun,C2
3690,трактор,3665.0,noun,C2
3692,килограмм,3667.0,noun,C2
3703,добыча,3678.0,noun,C2
3707,обычай,3682.0,noun,C2
3709,мотоцикл,3684.0,noun,C2
3712,ванна,3687.0,noun,C2
3714,политбюро,3689.0,noun,C2
3715,диск,3690.0,noun,C2
3716,ссылка,3691.0,noun,C2
3720,тёща,3695.0,noun,C2
3721,палуба,3696.0,noun,C2
3723,перчатка,3698.0,noun,C2
3727,пузырь,3702.0,noun,C2
3728,серия,3703.0,noun,C2
3734,велосипед,3709.0,noun,C2
3736,ресурс,3711.0,noun,C2
3739,тетрадь,3714.0,noun,C2
3743,жажда,3718.0,noun,C2
3747,мусор,3722.0,noun,C2
3748,петух,3723.0,noun,C2
3749,порошок,3724.0,noun,C2
3753,растение,3728.0,noun,C2
3755,удав,3730.0,noun,C2
3756,башмак,3731.0,noun,C2
3758,лыжа,3733.0,noun,C2
3759,пропаганда,3734.0,noun,C2
3762,бык,3737.0,noun,C2
3764,снижение,3739.0,noun,C2
3767,плач,3742.0,noun,C2
3770,салон,3745.0,noun,C2
3772,замечание,3747.0,noun,C2
3774,братец,3749.0,noun,C2
3781,буфет,3756.0,noun,C2
3782,аргумент,3757.0,noun,C2
3784,лёт,3759.0,noun,C2
3789,цирк,3764.0,noun,C2
3792,луг,3767.0,noun,C2
3795,инвалид,3770.0,noun,C2
3796,исход,3771.0,noun,C2
3799,бюро,3774.0,noun,C2
3801,бедро,3776.0,noun,C2
3806,вздох,3781.0,noun,C2
3807,зелень,3782.0,noun,C2
3811,село,3786.0,noun,C2
3813,аэродром,3788.0,noun,C2
3814,чин,3789.0,noun,C2
3817,племя,3792.0,noun,C2
3820,мышь,3795.0,noun,C2
3822,шуба,3797.0,noun,C2
3823,всадник,3798.0,noun,C2
3824,доступ,3799.0,noun,C2
3825,крючок,3800.0,noun,C2
3829,медицина,3804.0,noun,C2
3831,боевик,3806.0,noun,C2
3834,посольство,3809.0,noun,C2
3837,пребывание,3812.0,noun,C2
3838,кончик,3813.0,noun,C2
3841,миллиард,3816.0,noun,C2
3843,монета,3818.0,noun,C2
3844,свист,3819.0,noun,C2
3847,шерсть,3822.0,noun,C2
3851,повар,3826.0,noun,C2
3852,тварь,3827.0,noun,C2
3855,казак,3830.0,noun,C2
3857,неудача,3832.0,noun,C2
3861,градус,3836.0,noun,C2
3862,школьник,3837.0,noun,C2
3865,биография,3840.0,noun,C2
3867,дровосек,3842.0,noun,C2
3868,критика,3843.0,noun,C2
3870,китаец,3845.0,noun,C2
3871,философия,3846.0,noun,C2
3874,набор,3849.0,noun,C2
3876,загадка,3851.0,noun,C2
3881,поэзия,3856.0,noun,C2
3882,англичанин,3857.0,noun,C2
3883,бинокль,3858.0,noun,C2
3886,колодец,3861.0,noun,C2
3887,седло,3862.0,noun,C2
3889,повязка,3864.0,noun,C2
3890,корточки,3865.0,noun,C2
3894,порыв,3869.0,noun,C2
3897,граната,3872.0,noun,C2
3899,хутор,3874.0,noun,C2
3905,воспаление,3880.0,noun,C2
3907,пациент,3882.0,noun,C2
3911,палочка,3886.0,noun,C2
3913,графа,3888.0,noun,C2
3914,покупка,3889.0,noun,C2
3915,объявление,3890.0,noun,C2
3916,роса,3891.0,noun,C2
3919,воробей,3894.0,noun,C2
3920,простыня,3895.0,noun,C2
3927,корзина,3902.0,noun,C2
3928,петля,3903.0,noun,C2
3930,кампания,3905.0,noun,C2
3931,вспышка,3906.0,noun,C2
3933,гнездо,3908.0,noun,C2
3942,покойник,3917.0,noun,C2
3943,известие,3918.0,noun,C2
3946,ягода,3921.0,noun,C2
3947,столетие,3922.0,noun,C2
3950,бензин,3925.0,noun,C2
3952,француз,3927.0,noun,C2
3954,упор,3929.0,noun,C2
3955,отверстие,3930.0,noun,C2
3956,рама,3931.0,noun,C2
3958,одиночка,3933.0,noun,C2
3961,указ,3936.0,noun,C2
3965,ограда,3940.0,noun,C2
3966,ступень,3941.0,noun,C2
3967,злоба,3942.0,noun,C2
3968,скамья,3943.0,noun,C2
3969,смесь,3944.0,noun,C2
3973,кран,3948.0,noun,C2
3983,суета,3958.0,noun,C2
3984,зрелище,3959.0,noun,C2
3987,учебник,3962.0,noun,C2
3992,ресница,3967.0,noun,C2
3993,изумление,3968.0,noun,C2
3997,башка,3972.0,noun,C2
3998,священник,3973.0,noun,C2
4002,побег,3977.0,noun,C2
4005,дуб,3980.0,noun,C2
4008,протяжение,3983.0,noun,C2
4010,штурман,3985.0,noun,C2
4011,похороны,3986.0,noun,C2
4014,хата,3989.0,noun,C2
4021,философ,3996.0,noun,C2
4037,ребятишки,4012.0,noun,C2
4039,эпизод,4014.0,noun,C2
4043,знамя,4018.0,noun,C2
4046,сук,4021.0,noun,C2
4048,полоска,4023.0,noun,C2
4051,обман,4026.0,noun,C2
4053,вооружение,4028.0,noun,C2
4054,капуста,4029.0,noun,C2
4057,аппетит,4032.0,noun,C2
4058,нуль,4033.0,noun,C2
4061,партизан,4036.0,noun,C2
4063,закат,4038.0,noun,C2
4064,тропинка,4039.0,noun,C2
4070,чепуха,4045.0,noun,C2
4071,историк,4046.0,noun,C2
4076,дерьмо,4051.0,noun,C2
4078,каблук,4053.0,noun,C2
4079,японец,4054.0,noun,C2
4080,фрукт,4055.0,noun,C2
4083,инициатива,4058.0,noun,C2
4088,сценарий,4063.0,noun,C2
4090,милость,4065.0,noun,C2
4091,вселенная,4066.0,noun,C2
4103,официант,4078.0,noun,C2
4104,головка,4079.0,noun,C2
4105,продавец,4080.0,noun,C2
4106,гитара,4081.0,noun,C2
4107,тройка,4082.0,noun,C2
4110,досада,4085.0,noun,C2
4112,простор,4087.0,noun,C2
4116,битва,4091.0,noun,C2
4123,очаг,4098.0,noun,C2
4128,копыто,4103.0,noun,C2
4129,чистота,4104.0,noun,C2
4131,бульвар,4106.0,noun,C2
4136,дракон,4111.0,noun,C2
4138,мэр,4113.0,noun,C2
4139,пилот,4114.0,noun,C2
4141,заговор,4116.0,noun,C2
4142,кол,4117.0,noun,C2
4143,шлем,4118.0,noun,C2
4145,окурок,4120.0,noun,C2
4146,крыса,4121.0,noun,C2
4147,вой,4122.0,noun,C2
4148,госпожа,4123.0,noun,C2
4155,оттенок,4130.0,noun,C2
4157,правитель,4132.0,noun,C2
4158,весло,4133.0,noun,C2
4160,кишка,4135.0,noun,C2
4161,буря,4136.0,noun,C2
4163,снимок,4138.0,noun,C2
4168,негодяй,4143.0,noun,C2
4169,проза,4144.0,noun,C2
4170,терпение,4145.0,noun,C2
4180,кузов,4155.0,noun,C2
4181,внешность,4156.0,noun,C2
4184,строчок,4159.0,noun,C2
4185,диплом,4160.0,noun,C2
4191,порция,4166.0,noun,C2
4193,витрина,4168.0,noun,C2
4194,материя,4169.0,noun,C2
4195,провал,4170.0,noun,C2
4199,походка,4174.0,noun,C2
4200,травма,4175.0,noun,C2
4203,отражение,4178.0,noun,C2
4211,бак,4186.0,noun,C2
4215,метод,4190.0,noun,C2
4217,мяч,4192.0,noun,C2
4220,трасса,4195.0,noun,C2
4223,грамм,4198.0,noun,C2
4224,торжество,4199.0,noun,C2
4227,купол,4202.0,noun,C2
4228,мрак,4203.0,noun,C2
4230,хребет,4205.0,noun,C2
4234,идеология,4209.0,noun,C2
4239,ребро,4214.0,noun,C2
4243,религия,4218.0,noun,C2
4244,батюшка,4219.0,noun,C2
4251,артиллерия,4226.0,noun,C2
4254,пехота,4229.0,noun,C2
4255,поп,4230.0,noun,C2
4258,победитель,4233.0,noun,C2
4264,платформа,4239.0,noun,C2
4265,матч,4240.0,noun,C2
4267,эмоция,4242.0,noun,C2
4269,пацан,4244.0,noun,C2
4271,убеждение,4246.0,noun,C2
4273,обрыв,4248.0,noun,C2
4274,плёнка,4249.0,noun,C2
4276,посадка,4251.0,noun,C2
4278,блокнот,4253.0,noun,C2
4279,разбойник,4254.0,noun,C2
4281,обитатель,4256.0,noun,C2
4285,мотив,4260.0,noun,C2
4286,сооружение,4261.0,noun,C2
4289,полость,4264.0,noun,C2
4296,нитка,4271.0,noun,C2
4299,младенец,4274.0,noun,C2
4303,фигурка,4278.0,noun,C2
4309,игрок,4284.0,noun,C2
4310,коза,4285.0,noun,C2
4312,интонация,4287.0,noun,C2
4314,порода,4289.0,noun,C2
4315,лозунг,4290.0,noun,C2
4319,темп,4294.0,noun,C2
4320,обещание,4295.0,noun,C2
4322,переводчик,4297.0,noun,C2
4323,занавеска,4298.0,noun,C2
4325,соглашение,4300.0,noun,C2
4327,печаль,4302.0,noun,C2
4332,выпуск,4307.0,noun,C2
4333,незнакомец,4308.0,noun,C2
4334,гром,4309.0,noun,C2
4338,изделие,4313.0,noun,C2
4339,казнь,4314.0,noun,C2
4340,местность,4315.0,noun,C2
4341,невроз,4316.0,noun,C2
4342,прощение,4317.0,noun,C2
4347,висок,4322.0,noun,C2
4348,банда,4323.0,noun,C2
4349,хохот,4324.0,noun,C2
4352,траншея,4327.0,noun,C2
4357,холл,4332.0,noun,C2
4361,мундир,4336.0,noun,C2
4362,голубчик,4337.0,noun,C2
4366,кукла,4341.0,noun,C2
4375,капитализм,4350.0,noun,C2
4377,веко,4352.0,noun,C2
4378,корпорация,4353.0,noun,C2
4382,поручение,4357.0,noun,C2
4383,протест,4358.0,noun,C2
4384,баран,4359.0,noun,C2
4385,кличка,4360.0,noun,C2
4386,погон,4361.0,noun,C2
4387,потомок,4362.0,noun,C2
4391,бассейн,4366.0,noun,C2
4397,печень,4372.0,noun,C2
4401,защитник,4376.0,noun,C2
4404,заслуга,4379.0,noun,C2
4405,отвращение,4380.0,noun,C2
4408,строитель,4383.0,noun,C2
4409,ось,4384.0,noun,C2
4412,стон,4387.0,noun,C2
4414,землянка,4389.0,noun,C2
4417,хирург,4392.0,noun,C2
4424,рельс,4399.0,noun,C2
4425,изучение,4400.0,noun,C2
4426,призыв,4401.0,noun,C2
4429,быт,4404.0,noun,C2
4432,сорт,4407.0,noun,C2
4433,пластинка,4408.0,noun,C2
4434,брюхо,4409.0,noun,C2
4436,стоянка,4411.0,noun,C2
4437,правление,4412.0,noun,C2
4438,падаль,4413.0,noun,C2
4439,испуг,4414.0,noun,C2
4442,будка,4417.0,noun,C2
4447,жилец,4422.0,noun,C2
4448,обсуждение,4423.0,noun,C2
4450,заря,4425.0,noun,C2
4451,разработка,4426.0,noun,C2
4453,касса,4428.0,noun,C2
4457,царство,4432.0,noun,C2
4462,таблетка,4437.0,noun,C2
4464,сейф,4439.0,noun,C2
4465,нагрузка,4440.0,noun,C2
4466,горожанин,4441.0,noun,C2
4467,горечь,4442.0,noun,C2
4469,пейзаж,4444.0,noun,C2
4474,секретарша,4449.0,noun,C2
4475,толчок,4450.0,noun,C2
4477,визг,4452.0,noun,C2
4482,соединение,4457.0,noun,C2
4487,семя,4462.0,noun,C2
4488,осёл,4463.0,noun,C2
4495,сетка,4470.0,noun,C2
4498,контракт,4473.0,noun,C2
4499,устав,4474.0,noun,C2
4500,равновесие,4475.0,noun,C2
4501,том,4476.0,noun,C2
4502,пруд,4477.0,noun,C2
4503,плоть,4478.0,noun,C2
4505,дымок,4480.0,noun,C2
4508,посол,4483.0,noun,C2
4509,провинция,4484.0,noun,C2
4510,грань,4485.0,noun,C2
4512,публикация,4487.0,noun,C2
4514,комар,4489.0,noun,C2
4515,купец,4490.0,noun,C2
4516,офис,4491.0,noun,C2
4517,фокус,4492.0,noun,C2
4519,разряд,4494.0,noun,C2
4521,трещина,4496.0,noun,C2
4522,бытие,4497.0,noun,C2
4525,кастрюля,4500.0,noun,C2
4527,мудрость,4502.0,noun,C2
4528,ведомство,4503.0,noun,C2
4530,заросль,4505.0,noun,C2
4531,щенок,4506.0,noun,C2
4532,таблица,4507.0,noun,C2
4537,презрение,4512.0,noun,C2
4541,гусь,4516.0,noun,C2
4542,красавец,4517.0,noun,C2
4543,делегация,4518.0,noun,C2
4546,чудак,4521.0,noun,C2
4548,доза,4523.0,noun,C2
4550,эксперт,4525.0,noun,C2
4551,сантиметр,4526.0,noun,C2
4553,трибуна,4528.0,noun,C2
4557,ветерок,4532.0,noun,C2
4568,скатерть,4543.0,noun,C2
4572,обувь,4547.0,noun,C2
4575,телега,4550.0,noun,C2
4577,вал,4552.0,noun,C2
4582,почка,4557.0,noun,C2
4583,око,4558.0,noun,C2
4584,ёлка,4559.0,noun,C2
4589,паровоз,4564.0,noun,C2
4591,змей,4566.0,noun,C2
4598,мелодия,4573.0,noun,C2
4604,прозвище,4579.0,noun,C2
4607,барьер,4582.0,noun,C2
4608,премьер,4583.0,noun,C2
4609,плакат,4584.0,noun,C2
4611,тоня,4586.0,noun,C2
4615,санитар,4590.0,noun,C2
4616,орех,4591.0,noun,C2
4617,обочина,4592.0,noun,C2
4618,райком,4593.0,noun,C2
4625,расстрел,4600.0,noun,C2
4629,огурец,4604.0,noun,C2
4638,усмешка,4613.0,noun,C2
4639,валюта,4614.0,noun,C2
4644,веранда,4619.0,noun,C2
4645,обломок,4620.0,noun,C2
4647,курица,4622.0,noun,C2
4649,пена,4624.0,noun,C2
4650,предатель,4625.0,noun,C2
4657,дырка,4632.0,noun,C2
4658,факультет,4633.0,noun,C2
4659,тропа,4634.0,noun,C2
4661,паника,4636.0,noun,C2
4664,торговец,4639.0,noun,C2
4666,шарик,4641.0,noun,C2
4671,копьё,4646.0,noun,C2
4675,введение,4650.0,noun,C2
4676,дипломат,4651.0,noun,C2
4677,перец,4652.0,noun,C2
4679,гроза,4654.0,noun,C2
4686,минутка,4661.0,noun,C2
4688,отставка,4663.0,noun,C2
4695,практик,4670.0,noun,C2
4696,выезд,4671.0,noun,C2
4697,сало,4672.0,noun,C2
4700,малость,4675.0,noun,C2
4701,инстинкт,4676.0,noun,C2
4706,катер,4681.0,noun,C2
4710,прогноз,4685.0,noun,C2
4715,виски,4690.0,noun,C2
4719,сектор,4694.0,noun,C2
4722,мёд,4697.0,noun,C2
4723,размах,4698.0,noun,C2
4724,неправда,4699.0,noun,C2
4726,пяток,4701.0,noun,C2
4727,посещение,4702.0,noun,C2
4731,агентство,4706.0,noun,C2
4732,слушатель,4707.0,noun,C2
4734,кодекс,4709.0,noun,C2
4735,коса,4710.0,noun,C2
4738,собор,4713.0,noun,C2
4739,толь,4714.0,noun,C2
4741,чудовище,4716.0,noun,C2
4742,прилавок,4717.0,noun,C2
4745,песенка,4720.0,noun,C2
4747,славка,4722.0,noun,C2
4749,сталкер,4724.0,noun,C2
4753,топливо,4728.0,noun,C2
4755,глина,4730.0,noun,C2
4760,объятие,4735.0,noun,C2
4761,фонарик,4736.0,noun,C2
4763,пазуха,4738.0,noun,C2
4766,эшелон,4741.0,noun,C2
4771,сохранение,4746.0,noun,C2
4775,листва,4750.0,noun,C2
4776,раздел,4751.0,noun,C2
4777,усадьба,4752.0,noun,C2
4780,пропуск,4755.0,noun,C2
4787,мораль,4762.0,noun,C2
4789,человечек,4764.0,noun,C2
4790,сустав,4765.0,noun,C2
4791,нежность,4766.0,noun,C2
4793,комсомолец,4768.0,noun,C2
4795,осложнение,4770.0,noun,C2
4799,митинг,4774.0,noun,C2
4800,дрожь,4775.0,noun,C2
4801,местечко,4776.0,noun,C2
4806,кредит,4781.0,noun,C2
4807,весть,4782.0,noun,C2
4809,бабочка,4784.0,noun,C2
4812,ущелье,4787.0,noun,C2
4815,ветеран,4790.0,noun,C2
4816,шахта,4791.0,noun,C2
4823,ноздря,4798.0,noun,C2
4824,видимость,4799.0,noun,C2
4826,светило,4801.0,noun,C2
4831,единица,4806.0,noun,C2
4833,пятница,4808.0,noun,A2
4837,сложность,4812.0,noun,C2
4840,вдова,4815.0,noun,C2
4844,берёза,4819.0,noun,C2
4845,валенок,4820.0,noun,C2
4847,позор,4822.0,noun,C2
4848,фонтан,4823.0,noun,C2
4850,бес,4825.0,noun,C2
4853,пепел,4828.0,noun,C2
4855,призрак,4830.0,noun,C2
4856,восхищение,4831.0,noun,C2
4859,стража,4834.0,noun,C2
4860,паренёк,4835.0,noun,C2
4862,алкоголь,4837.0,noun,C2
4863,ранг,4838.0,noun,C2
4864,злато,4839.0,noun,C2
4877,союзник,4852.0,noun,C2
4878,живопись,4853.0,noun,C2
4879,парламент,4854.0,noun,C2
4882,семейство,4857.0,noun,C2
4883,негр,4858.0,noun,C2
4885,почерк,4860.0,noun,C2
4886,коллекция,4861.0,noun,C2
4887,молитва,4862.0,noun,C2
4888,ритм,4863.0,noun,C2
4889,стая,4864.0,noun,C2
4890,блин,4865.0,noun,C2
4897,подружка,4872.0,noun,C2
4900,пианистка,4875.0,noun,C2
4901,развод,4876.0,noun,C2
4905,реализация,4880.0,noun,C2
4906,пробка,4881.0,noun,C2
4907,миска,4882.0,noun,C2
4908,пан,4883.0,noun,C2
4911,пенсионер,4886.0,noun,C2
4914,шорох,4889.0,noun,C2
4915,горшок,4890.0,noun,C2
4918,матушка,4893.0,noun,C2
4919,верхушка,4894.0,noun,C2
4921,тигр,4896.0,noun,C2
4922,складка,4897.0,noun,C2
4925,икона,4900.0,noun,C2
4929,учёба,4904.0,noun,C2
4931,котёнок,4906.0,noun,C2
4932,спортсмен,4907.0,noun,C2
4934,серебро,4909.0,noun,C2
4937,полотно,4912.0,noun,C2
4938,прелесть,4913.0,noun,C2
4942,претензия,4917.0,noun,C2
4943,сражение,4918.0,noun,C2
4945,конфета,4920.0,noun,C2
4947,рывок,4922.0,noun,C2
4949,икра,4924.0,noun,C2
4953,дрянь,4928.0,noun,C2
4956,худо,4931.0,noun,C2
4958,адмирал,4933.0,noun,C2
4962,лёгкость,4937.0,noun,C2
4963,сочувствие,4938.0,noun,C2
4964,скотина,4939.0,noun,C2
4967,округа,4942.0,noun,C2
4968,табуретка,4943.0,noun,C2
4970,показатель,4945.0,noun,C2
4971,овца,4946.0,noun,C2
4975,акцент,4950.0,noun,C2
4977,заметка,4952.0,noun,C2
4980,тумбочка,4955.0,noun,C2
4982,концепция,4957.0,noun,C2
4986,математика,4961.0,noun,C2
4987,земляк,4962.0,noun,C2
4993,землянин,4968.0,noun,C2
4995,сыр,4970.0,noun,C2
4996,микрофон,4971.0,noun,C2
4997,поляна,4972.0,noun,C2
5003,фара,4978.0,noun,C2
5005,особняк,4980.0,noun,C2
5006,сторонник,4981.0,noun,C2
5008,хан,4983.0,noun,C2
5010,солдатик,4985.0,noun,C2
5011,верста,4986.0,noun,C2
5012,конечность,4987.0,noun,C2
5013,станок,4988.0,noun,C2
5015,букет,4990.0,noun,C2
5017,стражник,4992.0,noun,C2
5018,тенденция,4993.0,noun,C2
5020,адъютант,4995.0,noun,C2
5021,видение,4996.0,noun,C2
5025,рация,5000.0,noun,C2
5031,плот,5006.0,noun,C2
5033,редкость,5008.0,noun,C2
5034,съёмка,5009.0,noun,C2
5036,нетерпение,5011.0,noun,C2
5037,схватка,5012.0,noun,C2
5039,магия,5014.0,noun,C2
5040,слюна,5015.0,noun,C2
5050,аллея,5025.0,noun,C2
5057,кустарник,5032.0,noun,C2
5058,дисциплина,5033.0,noun,C2
5059,клок,5034.0,noun,C2
5060,треть,5035.0,noun,C2
5061,взяток,5036.0,noun,C2
5064,новичок,5039.0,noun,C2
5070,обморок,5045.0,noun,C2
5074,певец,5049.0,noun,C2
5076,погоня,5051.0,noun,C2
5077,гребень,5052.0,noun,C2
5078,солома,5053.0,noun,C2
5080,пульт,5055.0,noun,C2
5081,фургон,5056.0,noun,C2
5090,мощность,5065.0,noun,C2
5091,наместник,5066.0,noun,C2
5093,близость,5068.0,noun,C2
5095,кафедра,5070.0,noun,C2
5096,рычаг,5071.0,noun,C2
5097,террорист,5072.0,noun,C2
5099,силуэт,5074.0,noun,C2
5101,оппозиция,5076.0,noun,C2
5107,купе,5082.0,noun,C2
5108,сионист,5083.0,noun,C2
5109,ассоциация,5084.0,noun,C2
5113,чердак,5088.0,noun,C2
5118,зрачок,5093.0,noun,C2
5120,скука,5095.0,noun,C2
5122,мужество,5097.0,noun,C2
5127,сазан,5102.0,noun,C2
5129,любовник,5104.0,noun,C2
5130,сани,5105.0,noun,C2
5133,развалина,5108.0,noun,C2
5135,сотник,5110.0,noun,C2
5136,психология,5111.0,noun,C2
5137,различие,5112.0,noun,C2
5139,коляска,5114.0,noun,C2
5140,чемпион,5115.0,noun,C2
5141,тупик,5116.0,noun,C2
5144,кура,5119.0,noun,C2
5145,активность,5120.0,noun,C2
5147,аудитория,5122.0,noun,C2
5149,композитор,5124.0,noun,C2
5152,лавина,5127.0,noun,C2
5154,грусть,5129.0,noun,C2
5156,даба,5131.0,noun,C2
5158,держава,5133.0,noun,C2
5159,чушь,5134.0,noun,C2
5160,мат,5135.0,noun,C2
5165,тренер,5140.0,noun,C2
5166,овощ,5141.0,noun,C2
5170,комсомол,5145.0,noun,C2
5171,цикл,5146.0,noun,C2
5173,парнишка,5148.0,noun,C2
5180,медсестра,5155.0,noun,C2
5183,экземпляр,5158.0,noun,C2
5188,язва,5163.0,noun,C2
5189,плена,5164.0,noun,C2
5190,постройка,5165.0,noun,C2
5194,лорд,5169.0,noun,C2
5195,ирония,5170.0,noun,C2
5196,заряд,5171.0,noun,
5199,церемония,5174.0,noun,
5202,плат,5177.0,noun,
5206,урожай,5181.0,noun,
5209,стадия,5184.0,noun,
5210,профиль,5185.0,noun,
5211,задница,5186.0,noun,
5213,мерзавец,5188.0,noun,
5214,кашель,5189.0,noun,
5215,гарантия,5190.0,noun,
5216,нить,5191.0,noun,
5221,сокращение,5196.0,noun,
5229,восприятие,5204.0,noun,
5230,чаша,5205.0,noun,
5232,персонаж,5207.0,noun,
5233,оператор,5208.0,noun,
5234,логика,5209.0,noun,
5235,механика,5210.0,noun,
5236,племянник,5211.0,noun,
5237,расширение,5212.0,noun,
5238,эфир,5213.0,noun,
5240,зажигалка,5215.0,noun,
5248,закуска,5223.0,noun,
5249,миф,5224.0,noun,
5252,староста,5227.0,noun,
5254,прощание,5229.0,noun,
5255,разрушение,5230.0,noun,
5256,демократ,5231.0,noun,
5259,симпатия,5234.0,noun,
5261,груда,5236.0,noun,
5262,догадка,5237.0,noun,
5264,президиум,5239.0,noun,
5269,строение,5244.0,noun,
5273,отрасль,5248.0,noun,
5276,сочетание,5251.0,noun,
5277,мощь,5252.0,noun,
5279,инфекция,5254.0,noun,
5288,коготь,5263.0,noun,
5290,дежурство,5265.0,noun,
5297,ловушка,5272.0,noun,
5301,рыбка,5276.0,noun,
5305,бас,5280.0,noun,
5307,уста,5282.0,noun,
5312,бутерброд,5287.0,noun,
5315,комбинат,5290.0,noun,
5321,ущерб,5296.0,noun,
5322,секс,5297.0,noun,
5323,скот,5298.0,noun,
5326,запрет,5301.0,noun,
5328,постой,5303.0,noun,
5331,великан,5306.0,noun,
5334,опера,5309.0,noun,
5335,обработка,5310.0,noun,
5339,вывеска,5314.0,noun,
5341,винт,5316.0,noun,
5342,отчество,5317.0,noun,
5344,канцелярия,5319.0,noun,
5352,никитина,5327.0,noun,
5355,пепельница,5330.0,noun,
5361,яхта,5336.0,noun,
5365,солнышко,5340.0,noun,
5367,колония,5342.0,noun,
5368,обучение,5343.0,noun,
5372,парта,5347.0,noun,
5375,кислород,5350.0,noun,
5376,раздумье,5351.0,noun,
5379,скрип,5354.0,noun,
5381,психика,5356.0,noun,
5384,юрист,5359.0,noun,
5385,кошмар,5360.0,noun,
5388,литр,5363.0,noun,
5391,стадион,5366.0,noun,
5393,роща,5368.0,noun,
5402,хлопоты,5377.0,noun,
5404,табличка,5379.0,noun,
5408,нота,5383.0,noun,
5409,частица,5384.0,noun,
5412,сдача,5387.0,noun,
5413,лихо,5388.0,noun,
5416,безумие,5391.0,noun,
5420,жанр,5395.0,noun,
5424,диагноз,5399.0,noun,
5426,лёжа,5401.0,noun,
5428,веселье,5403.0,noun,
5430,студия,5405.0,noun,
5435,носилки,5410.0,noun,
5437,иллюзия,5412.0,noun,
5439,дискуссия,5414.0,noun,
5440,россиянин,5415.0,noun,
5442,электричка,5417.0,noun,
5446,ротмистр,5421.0,noun,
5447,восстание,5422.0,noun,
5448,гимназия,5423.0,noun,
5451,лай,5426.0,noun,
5453,караул,5428.0,noun,
5454,звено,5429.0,noun,
5456,выгода,5431.0,noun,
5459,леди,5434.0,noun,
5460,самовар,5435.0,noun,
5461,владение,5436.0,noun,
5465,захват,5440.0,noun,
5466,побережье,5441.0,noun,
5470,пятёрка,5445.0,noun,
5475,судорога,5450.0,noun,
5477,стройка,5452.0,noun,
5479,налёт,5454.0,noun,
5482,рок,5457.0,noun,
5489,шрам,5464.0,noun,
5490,жестокость,5465.0,noun,
5492,вечность,5467.0,noun,
5493,творение,5468.0,noun,
5496,значок,5471.0,noun,
5497,груша,5472.0,noun,
5502,чародей,5477.0,noun,
5504,цру,5479.0,noun,
5505,смола,5480.0,noun,
5507,авария,5482.0,noun,
5508,ранение,5483.0,noun,
5511,увлечение,5486.0,noun,
5513,вред,5488.0,noun,
5518,ясность,5493.0,noun,
5519,мамочка,5494.0,noun,
5526,гудок,5501.0,noun,
5530,хранение,5505.0,noun,
5535,подлец,5510.0,noun,
5536,барабан,5511.0,noun,
5538,инструктор,5513.0,noun,
5542,бизнесмен,5517.0,noun,
5547,телескоп,5522.0,noun,
5551,статуя,5526.0,noun,
5552,скрипка,5527.0,noun,
5553,костыль,5528.0,noun,
5554,насилие,5529.0,noun,
5556,кавалер,5531.0,noun,
5558,диаметр,5533.0,noun,
5563,рубка,5538.0,noun,
5564,гусеница,5539.0,noun,
5565,гвардия,5540.0,noun,
5566,резерв,5541.0,noun,
5569,субъект,5544.0,noun,
5573,кепка,5548.0,noun,
5575,доброта,5550.0,noun,
5578,ниша,5553.0,noun,
5580,чекист,5555.0,noun,
5581,актриса,5556.0,noun,
5584,терапия,5559.0,noun,
5593,нрав,5568.0,noun,
5594,подошва,5569.0,noun,
5596,лезвие,5571.0,noun,
5599,сугроб,5574.0,noun,
5600,галерея,5575.0,noun,
5606,тётушка,5581.0,noun,
5611,миля,5586.0,noun,
5612,массив,5587.0,noun,
5613,цыпочки,5588.0,noun,
5614,спуск,5589.0,noun,
5622,бухгалтер,5597.0,noun,
5623,воронко,5598.0,noun,
5624,сопка,5599.0,noun,
5625,парус,5600.0,noun,
5626,милорд,5601.0,noun,
5628,анкета,5603.0,noun,
5631,лавра,5606.0,noun,
5632,футбол,5607.0,noun,
5633,репутация,5608.0,noun,
5636,критик,5611.0,noun,
5638,консервы,5613.0,noun,
5640,скворец,5615.0,noun,
5641,фестиваль,5616.0,noun,
5642,совпадение,5617.0,noun,
5644,проба,5619.0,noun,
5645,перелом,5620.0,noun,
5646,ворон,5621.0,noun,
5647,проём,5622.0,noun,
5650,лимон,5625.0,noun,
5656,мышление,5631.0,noun,
5659,сюрприз,5634.0,noun,
5663,колебание,5638.0,noun,
5665,классик,5640.0,noun,
5672,приёмник,5647.0,noun,
5673,измерение,5648.0,noun,
5675,свитер,5650.0,noun,
5676,гонорар,5651.0,noun,
5678,тим,5653.0,noun,
5679,осмотр,5654.0,noun,
5687,трон,5662.0,noun,
5691,смелость,5666.0,noun,
5692,чемпионат,5667.0,noun,
5693,коробочка,5668.0,noun,
5700,ларёк,5675.0,noun,
5701,реплика,5676.0,noun,
5712,поляк,5687.0,noun,
5713,лень,5688.0,noun,
5714,возмущение,5689.0,noun,
5715,кинжал,5690.0,noun,
5719,комедия,5694.0,noun,
5720,лебедь,5695.0,noun,
5722,барышня,5697.0,noun,
5723,соперник,5698.0,noun,
5732,блокада,5707.0,noun,
5733,молоток,5708.0,noun,
5737,витамин,5712.0,noun,
5738,ворона,5713.0,noun,
5742,сторожа,5717.0,noun,
5743,сундук,5718.0,noun,
5744,залив,5719.0,noun,
5745,парад,5720.0,noun,
5747,миссия,5722.0,noun,
5748,упрёк,5723.0,noun,
5751,пророк,5726.0,noun,
5755,оплата,5730.0,noun,
5757,аромат,5732.0,noun,
5759,новик,5734.0,noun,
5766,диета,5741.0,noun,
5767,матка,5742.0,noun,
5770,бродяга,5745.0,noun,
5772,полночь,5747.0,noun,
5776,наследство,5751.0,noun,
5782,папаша,5757.0,noun,
5784,зять,5759.0,noun,
5787,контейнер,5762.0,noun,
5790,порок,5765.0,noun,
5791,игла,5766.0,noun,
5792,каска,5767.0,noun,
5794,перевал,5769.0,noun,
5798,палач,5773.0,noun,
5801,квадрат,5776.0,noun,
5802,штучка,5777.0,noun,
5806,дина,5781.0,noun,
5810,жук,5785.0,noun,
5814,слесарь,5789.0,noun,
5816,инвестиция,5791.0,noun,
5817,чернила,5792.0,noun,
5819,интернет,5794.0,noun,
5820,индий,5795.0,noun,
5826,сделка,5801.0,noun,
5829,укрепление,5804.0,noun,
5832,чех,5807.0,noun,
5833,клочок,5808.0,noun,
5838,клинок,5813.0,noun,
5839,поднос,5814.0,noun,
5841,отечество,5816.0,noun,
5842,старина,5817.0,noun,
5846,крошка,5821.0,noun,
5847,бруствер,5822.0,noun,
5851,штора,5826.0,noun,
5856,лагуна,5831.0,noun,
5857,спецслужба,5832.0,noun,
5858,бульдозер,5833.0,noun,
5863,месть,5838.0,noun,
5864,знаток,5839.0,noun,
5865,жилище,5840.0,noun,
5869,троп,5844.0,noun,
5871,донос,5846.0,noun,
5874,прожектор,5849.0,noun,
5876,лопатка,5851.0,noun,
5878,простота,5853.0,noun,
5881,сборник,5856.0,noun,
5882,тополь,5857.0,noun,
5883,пытка,5858.0,noun,
5887,мирон,5862.0,noun,
5888,обложка,5863.0,noun,
5889,верность,5864.0,noun,
5892,запрос,5867.0,noun,
5893,дитя,5868.0,noun,
5894,космонавт,5869.0,noun,
5895,парочка,5870.0,noun,
5897,дворник,5872.0,noun,
5904,усталь,5879.0,noun,
5905,пальма,5880.0,noun,
5909,удочка,5884.0,noun,
5910,пульс,5885.0,noun,
5911,пень,5886.0,noun,
5912,пение,5887.0,noun,
5913,розыск,5888.0,noun,
5917,персона,5892.0,noun,
5921,иголка,5896.0,noun,
5926,шах,5901.0,noun,
5928,шок,5903.0,noun,
5935,вуз,5910.0,noun,
5936,кучка,5911.0,noun,
5942,перила,5917.0,noun,
5944,открытка,5919.0,noun,
5946,убежище,5921.0,noun,
5952,заработок,5927.0,noun,
5954,каталог,5929.0,noun,
5955,факел,5930.0,noun,
5956,богач,5931.0,noun,
5960,шнур,5935.0,noun,
5961,мех,5936.0,noun,
5963,санаторий,5938.0,noun,
5965,кора,5940.0,noun,
5967,уток,5942.0,noun,
5969,обыск,5944.0,noun,
5975,штык,5950.0,noun,
5976,укол,5951.0,noun,
5977,параметр,5952.0,noun,
5980,вестибюль,5955.0,noun,
5981,продавщица,5956.0,noun,
5982,климат,5957.0,noun,
5985,козырёк,5960.0,noun,
5986,коленка,5961.0,noun,
5988,спрос,5963.0,noun,
5990,двойник,5965.0,noun,
5991,поклонник,5966.0,noun,
5993,прут,5968.0,noun,
5994,недоверие,5969.0,noun,
5995,прибытие,5970.0,noun,
5996,заклинание,5971.0,noun,
5998,связка,5973.0,noun,
5999,единство,5974.0,noun,
6000,мент,5975.0,noun,
6004,обрывок,5979.0,noun,
6006,логик,5981.0,noun,
6008,звёздочка,5983.0,noun,
6009,тост,5984.0,noun,
6013,птичка,5988.0,noun,
6015,канава,5990.0,noun,
6017,деление,5992.0,noun,
6024,сумочка,5999.0,noun,
6027,познание,6002.0,noun,
6034,бедняга,6009.0,noun,
6035,ширина,6010.0,noun,
6037,толстяк,6012.0,noun,
6038,наполеон,6013.0,noun,
6040,джип,6015.0,noun,
6043,кувшин,6018.0,noun,
6044,завершение,6019.0,noun,
6047,боб,6022.0,noun,
6049,владыка,6024.0,noun,
6050,тормоз,6025.0,noun,
6056,перрон,6031.0,noun,
6057,насмешка,6032.0,noun,
6062,тележка,6037.0,noun,
6066,белоруссия,6041.0,noun,
6068,словарь,6043.0,noun,
6070,важность,6045.0,noun,
6073,крюк,6048.0,noun,
6077,бокс,6052.0,noun,
6078,гигант,6053.0,noun,
6082,цитата,6057.0,noun,
6085,прах,6060.0,noun,
6089,радист,6064.0,noun,
6097,султан,6072.0,noun,
6098,находка,6073.0,noun,
6099,эмиграция,6074.0,noun,
6102,дядюшка,6077.0,noun,
6106,переворот,6081.0,noun,
6107,засада,6082.0,noun,
6108,отход,6083.0,noun,
6109,лось,6084.0,noun,
6110,подобие,6085.0,noun,
6113,сообщество,6088.0,noun,
6118,химия,6093.0,noun,
6120,камин,6095.0,noun,
6122,наркотика,6097.0,noun,
6123,штурм,6098.0,noun,
6126,мостик,6101.0,noun,
6129,госдума,6104.0,noun,
6131,стопка,6106.0,noun,
6132,комбинезон,6107.0,noun,
6133,наследник,6108.0,noun,
6136,свод,6111.0,noun,
6137,замена,6112.0,noun,
6139,вышка,6114.0,noun,
6141,выделение,6116.0,noun,
6142,струйка,6117.0,noun,
6143,причал,6118.0,noun,
6150,диалог,6125.0,noun,
6151,энтузиазм,6126.0,noun,
6152,аптека,6127.0,noun,
6154,причёска,6129.0,noun,
6156,фига,6131.0,noun,
6158,пойма,6133.0,noun,
6159,очертание,6134.0,noun,
6160,рояль,6135.0,noun,
6161,обстрел,6136.0,noun,
6165,сокровище,6140.0,noun,
6166,колея,6141.0,noun,
6168,глыба,6143.0,noun,
6169,поединок,6144.0,noun,
6170,принятие,6145.0,noun,
6171,хитрость,6146.0,noun,
6175,миома,6150.0,noun,
6176,шапочка,6151.0,noun,
6178,клещ,6153.0,noun,
6179,шахматы,6154.0,noun,
6181,равнина,6156.0,noun,
6188,мерседес,6163.0,noun,
6193,мазь,6168.0,noun,
6195,свёрток,6170.0,noun,
6198,чертёж,6173.0,noun,
6201,опасение,6176.0,noun,
6202,ядро,6177.0,noun,
6203,сервер,6178.0,noun,
6204,скелет,6179.0,noun,
6205,броня,6180.0,noun,
6206,корм,6181.0,noun,
6207,кореец,6182.0,noun,
6208,измена,6183.0,noun,
6209,пучок,6184.0,noun,
6210,диктатура,6185.0,noun,
6212,погреб,6187.0,noun,
6215,оправдание,6190.0,noun,
6218,бугор,6193.0,noun,
6219,участь,6194.0,noun,
6227,отпечаток,6202.0,noun,
6229,стихия,6204.0,noun,
6231,боеприпас,6206.0,noun,
6236,конкурент,6211.0,noun,
6240,зам,6215.0,noun,
6242,сходство,6217.0,noun,
6249,русь,6224.0,noun,
6250,застава,6225.0,noun,
6251,бегство,6226.0,noun,
6258,бритва,6233.0,noun,
6260,залп,6235.0,noun,
6262,сенатор,6237.0,noun,
6263,указатель,6238.0,noun,
6264,упражнение,6239.0,noun,
6266,магнитофон,6241.0,noun,
6267,занавес,6242.0,noun,
6268,караван,6243.0,noun,
6271,экскурсия,6246.0,noun,
6275,курорт,6250.0,noun,
6277,пират,6252.0,noun,
6280,клей,6255.0,noun,
6281,клад,6256.0,noun,
6282,любовница,6257.0,noun,
6287,лягушка,6262.0,noun,
6289,гипотеза,6264.0,noun,
6291,бездна,6266.0,noun,
6294,жара,6269.0,noun,
6295,равнодушие,6270.0,noun,
6296,брезент,6271.0,noun,
6297,опора,6272.0,noun,
6305,вилок,6280.0,noun,
6307,толщина,6282.0,noun,
6308,община,6283.0,noun,
6309,мертвец,6284.0,noun,
6312,суждение,6287.0,noun,
6313,затея,6288.0,noun,
6314,глубь,6289.0,noun,
6319,иуда,6294.0,noun,
6320,троллейбус,6295.0,noun,
6322,затрата,6297.0,noun,
6325,граф,6300.0,noun,
6326,мускул,6301.0,noun,
6330,наставник,6305.0,noun,
6337,аппаратура,6312.0,noun,
6338,покров,6313.0,noun,
6345,официантка,6320.0,noun,
6347,рвота,6322.0,noun,
6348,манер,6323.0,noun,
6350,лодочник,6325.0,noun,
6351,сирена,6326.0,noun,
6352,бинт,6327.0,noun,
6353,хаос,6328.0,noun,
6355,джентльмен,6330.0,noun,
6360,ссора,6335.0,noun,
6361,балка,6336.0,noun,
6362,физик,6337.0,noun,
6363,клиника,6338.0,noun,
6364,гадость,6339.0,noun,
6365,пустырь,6340.0,noun,
6367,хулиган,6342.0,noun,
6371,плен,6346.0,noun,
6374,проезд,6349.0,noun,
6375,лапка,6350.0,noun,
6377,кошелёк,6352.0,noun,
6379,помидор,6354.0,noun,
6382,геолог,6357.0,noun,
6383,улочка,6358.0,noun,
6387,паутина,6362.0,noun,
6389,брызги,6364.0,noun,
6392,бармен,6367.0,noun,
6396,опухоль,6371.0,noun,
6397,ячейка,6372.0,noun,
6403,пленник,6378.0,noun,
6404,морщина,6379.0,noun,
6405,талия,6380.0,noun,
6407,зараза,6382.0,noun,
6408,мгла,6383.0,noun,
6409,прапорщик,6384.0,noun,
6412,итальянец,6387.0,noun,
6414,максимум,6389.0,noun,
6415,пьяница,6390.0,noun,
6421,детишки,6396.0,noun,
6423,надобность,6398.0,noun,
6424,терраса,6399.0,noun,
6432,путник,6407.0,noun,
6434,чулок,6409.0,noun,
6439,финансы,6414.0,noun,
6443,чернеть,6418.0,noun,
6446,лишение,6421.0,noun,
6448,колокол,6423.0,noun,
6451,телогрейка,6426.0,noun,
6453,прорыв,6428.0,noun,
6457,карета,6432.0,noun,
6458,ревность,6433.0,noun,
6464,стандарт,6439.0,noun,
6465,таракан,6440.0,noun,
6468,приказание,6443.0,noun,
6471,азарт,6446.0,noun,
6472,дрозд,6447.0,noun,
6473,сырьё,6448.0,noun,
6474,скульптура,6449.0,noun,
6476,прицел,6451.0,noun,
6477,киоск,6452.0,noun,
6478,верблюд,6453.0,noun,
6479,рецепт,6454.0,noun,
6481,демон,6456.0,noun,
6482,розочка,6457.0,noun,
6484,литератор,6459.0,noun,
6485,раковина,6460.0,noun,
6486,жопа,6461.0,noun,
6488,варенье,6463.0,noun,
6492,элита,6467.0,noun,
6494,мох,6469.0,noun,
6496,юбилей,6471.0,noun,
6497,недра,6472.0,noun,
6502,грош,6477.0,noun,
6503,рапорт,6478.0,noun,
6509,стратегия,6484.0,noun,
6511,скула,6486.0,noun,
6517,вахта,6492.0,noun,
6519,батя,6494.0,noun,
6521,вклад,6496.0,noun,
6522,тошнота,6497.0,noun,
6525,сеанс,6500.0,noun,
6526,гранат,6501.0,noun,
6527,эльф,6502.0,noun,
6529,голубь,6504.0,noun,
6531,фашизм,6506.0,noun,
6533,быстрота,6508.0,noun,
6535,выпивка,6510.0,noun,
6538,обком,6513.0,noun,
6539,сырость,6514.0,noun,
6540,кобура,6515.0,noun,
6542,выговор,6517.0,noun,
6543,забава,6518.0,noun,
6544,удобство,6519.0,noun,
6546,рукоятка,6521.0,noun,
6548,лак,6523.0,noun,
6550,няня,6525.0,noun,
6556,маневр,6531.0,noun,
6557,секция,6532.0,noun,
6560,червь,6535.0,noun,
6562,шишка,6537.0,noun,
6565,поправка,6540.0,noun,
6568,виноград,6543.0,noun,
6571,макушка,6546.0,noun,
6573,кода,6548.0,noun,
6574,такт,6549.0,noun,
6576,банкир,6551.0,noun,
6582,опушка,6557.0,noun,
6583,ваза,6558.0,noun,
6585,беглец,6560.0,noun,
6586,пирамида,6561.0,noun,
6587,переписка,6562.0,noun,
6590,ликвидация,6565.0,noun,
6591,вихрь,6566.0,noun,
6593,лесок,6568.0,noun,
6595,эмигрант,6570.0,noun,
6596,дядька,6571.0,noun,
6600,ефрейтор,6575.0,noun,
6603,револьвер,6578.0,noun,
6608,чара,6583.0,noun,
6612,кий,6587.0,noun,
6624,материк,6599.0,noun,
6625,неприязнь,6600.0,noun,
6634,довод,6609.0,noun,
6635,каникулы,6610.0,noun,
6639,потенциал,6614.0,noun,
6643,постановка,6618.0,noun,
6645,педагог,6620.0,noun,
6647,пособие,6622.0,noun,
6654,браслет,6629.0,noun,
6660,грузин,6635.0,noun,
6661,величие,6636.0,noun,
6664,яблоня,6639.0,noun,
6666,травка,6641.0,noun,
6669,фаза,6644.0,noun,
6671,повестка,6646.0,noun,
6672,карабин,6647.0,noun,
6675,корка,6650.0,noun,
6678,муравей,6653.0,noun,
6684,конвой,6659.0,noun,
6685,дуга,6660.0,noun,
6686,комок,6661.0,noun,
6687,тракт,6662.0,noun,
6690,узелок,6665.0,noun,
6692,пузырёк,6667.0,noun,
6693,пуща,6668.0,noun,
6694,тачка,6669.0,noun,
6695,унижение,6670.0,noun,
6696,особа,6671.0,noun,
6697,создатель,6672.0,noun,
6703,оформление,6678.0,noun,
6705,конюшня,6680.0,noun,
6706,отравление,6681.0,noun,
6707,поклон,6682.0,noun,
6708,нарком,6683.0,noun,
6709,бешенство,6684.0,noun,
6710,кубок,6685.0,noun,
6713,ложе,6688.0,noun,
6714,склонность,6689.0,noun,
6716,пальчик,6691.0,noun,
6718,покушение,6693.0,noun,
6721,грамота,6696.0,noun,
6729,сияние,6704.0,noun,
6730,донесение,6705.0,noun,
6734,китель,6709.0,noun,
6738,механик,6713.0,noun,
6741,разгар,6716.0,noun,
6742,канифоль,6717.0,noun,
6744,полнота,6719.0,noun,
6750,близнец,6725.0,noun,
6752,инфаркт,6727.0,noun,
6753,пина,6728.0,noun,
6755,ладошка,6730.0,noun,
6757,спаситель,6732.0,noun,
6758,капелька,6733.0,noun,
6763,таз,6738.0,noun,
6765,оон,6740.0,noun,
6768,прикрытие,6743.0,noun,
6770,невежество,6745.0,noun,
6774,миссис,6749.0,noun,
6782,улучшение,6757.0,noun,
6784,окраска,6759.0,noun,
6790,мельница,6765.0,noun,
6792,дева,6767.0,noun,
6795,псих,6770.0,noun,
6796,мел,6771.0,noun,
6800,минуточка,6775.0,noun,
6801,тренировка,6776.0,noun,
6805,фунт,6780.0,noun,
6808,собачка,6783.0,noun,
6816,блиндаж,6791.0,noun,
6817,дуло,6792.0,noun,
6818,распад,6793.0,noun,
6819,чистка,6794.0,noun,
6820,медик,6795.0,noun,
6822,мамаша,6797.0,noun,
6826,мгновенье,6801.0,noun,
6827,плоскость,6802.0,noun,
6830,мастерство,6805.0,noun,
6832,эра,6807.0,noun,
6837,туловище,6812.0,noun,
6838,штраф,6813.0,noun,
6842,лучник,6817.0,noun,
6845,костра,6820.0,noun,
6849,клятва,6824.0,noun,
6854,ласка,6829.0,noun,
6856,филин,6831.0,noun,
6857,украшение,6832.0,noun,
6858,турнир,6833.0,noun,
6860,клан,6835.0,noun,
6861,роскошь,6836.0,noun,
6866,персонал,6841.0,noun,
6868,фракция,6843.0,noun,
6869,парашют,6844.0,noun,
6873,задержка,6848.0,noun,
6874,паук,6849.0,noun,
6875,приложение,6850.0,noun,
6881,шов,6856.0,noun,
6883,горсть,6858.0,noun,
6884,сводка,6859.0,noun,
6888,комнатка,6863.0,noun,
6889,бланк,6864.0,noun,
6892,очерк,6867.0,noun,
6893,посылка,6868.0,noun,
6894,трап,6869.0,noun,
6897,жительство,6872.0,noun,
6898,смущение,6873.0,noun,
6902,злодей,6877.0,noun,
6905,рыло,6880.0,noun,
6907,пух,6882.0,noun,
6910,полюс,6885.0,noun,
6911,жулик,6886.0,noun,
6914,дурачок,6889.0,noun,
6919,пилотка,6894.0,noun,
6920,безобразие,6895.0,noun,
6921,град,6896.0,noun,
6922,косяк,6897.0,noun,
6924,форточка,6899.0,noun,
6926,тесть,6901.0,noun,
6929,кит,6904.0,noun,
6940,рыбалка,6915.0,noun,
6942,ступня,6917.0,noun,
6944,стаканчик,6919.0,noun,
6945,нора,6920.0,noun,
6947,пардон,6922.0,noun,
6949,география,6924.0,noun,
6950,фундамент,6925.0,noun,
6951,ожог,6926.0,noun,
6952,спор,6927.0,noun,
6953,возражение,6928.0,noun,
6958,волшебница,6933.0,noun,
6960,бедствие,6935.0,noun,
6962,ремешок,6937.0,noun,
6965,кража,6940.0,noun,
6967,рака,6942.0,noun,
6970,умолк,6945.0,noun,
6978,гарнизон,6953.0,noun,
6985,свалка,6960.0,noun,
6988,посох,6963.0,noun,
6990,избушка,6965.0,noun,
6992,феномен,6967.0,noun,
6995,построение,6970.0,noun,
7005,пружина,6980.0,noun,
7009,паром,6984.0,noun,
7010,отметка,6985.0,noun,
7011,пирога,6986.0,noun,
7013,бал,6988.0,noun,
7017,конгресс,6992.0,noun,
7025,бухта,7000.0,noun,
8884,арбуз,122.0,noun,
12153,пикник,1002.0,noun,
22754,деньги,176.0,noun,A2
51787,дверь,126.0,noun,
58490,броня,6180.0,noun,
58496,видение,4996.0,noun,C2
58497,вина,2851.0,noun,C1
58499,замок,1115.0,noun,B2
58500,замок,1115.0,noun,B2
58503,коса,4710.0,noun,C2
58505,мука,2577.0,noun,C1
58517,пора,268.0,noun,B1
58518,правило,728.0,noun,B2
58520,проволока,3236.0,noun,C2
58570,помочь,701.0,noun,B2
58571,орган,827.0,noun,B2
58573,волна,1061.0,noun,B2
58577,сведение,1689.0,noun,B2
58578,скала,1752.0,noun,C1
58582,ужин,2142.0,noun,C1
58584,комплекс,2263.0,noun,C1
58585,вертолёт,2323.0,noun,C1
58586,лекарство,2376.0,noun,C1
58588,свойство,2633.0,noun,C1
58589,транспорт,2661.0,noun,C1
58594,провод,3409.0,noun,C2
58597,заговор,4116.0,noun,C2
58600,горечь,4442.0,noun,C2
58604,кредит,4781.0,noun,C2
58607,тупик,5116.0,noun,C2
58610,доброта,5550.0,noun,
58614,старина,5817.0,noun,
58618,рапорт,6478.0,noun,
59734,лист,762.0,noun,B2
59736,повод,859.0,noun,B2
59737,горох,1200.0,noun,B2
